name,addressBuilding,addressStreet,addressCity,addressStateProvince,addressPostCode,addressCountry,Unnamed: 8
MD Glass Partitions Ltd,Unit 67 Greenway Business Centre,Harlow Business Park,Harlow,,CM19 5QE,United Kingdom,
MDL Insulations Ltd,Villa Works 1,"Plant Lane Business Park, Plant Lane Zone 2",Burntwood,Staffordshire,WS7 3GN,United Kingdom,
Meccanica Engineering Ltd,4 Mill Corner,Charlton-On-Otmoor,Oxford,Oxfordshire,OX5 2UD,United Kingdom,
MedEvolve Ltd,Unit 22,Loseley Park,Guildford,Surrey,GU3 1HS,United Kingdom,
Medical Imaging Systems Ltd,26-27 Capitol Park,Capitol Way,Collindale,,NW9 0EQ,United Kingdom,
Medicines Discovery Catapult Ltd,Alderley Park,"Block 35, Mereside",Macclesfield,,SK10 4ZF,United Kingdom,
Meinhardt UK Ltd,10 Aldersgate Street,,London,,EC1A 4HJ,United Kingdom,
Meliora Group,Seaplane House,"Sir Thomas Longley Road, Medway City",Rochester,,ME2 4DP,United Kingdom,
Mendeco Limited,CWP Unit 1A,85 Greengate,Salford,,M3 7NA,United Kingdom,
Mendick Waring Limited,Lymehouse Studios,30/31 Lyme Street,London,,NW1 0EE,United Kingdom,
Mer Fleet Services Limited,Unit 54 Consett Business Park,,Consett,Co Durham,DH8 6BN,United Kingdom,
Mercia Group...,Chapel Green,,Willenhall,West Midlands,WV13 1QY,United Kingdom,
Merlin ERD Limited,Merlin House,Necessity Brae,Perthshire,,PH2 0PF,United Kingdom,
Merlin Extrusion Tool & Wire Ltd,Unit 9 Little Forge Road,Park Farm,Redditch,Worcestershire,B98 7SF,United Kingdom,
Merlin Telecommunications Ltd,Unit 6 Station Road,Terrington St Clement,Kings Lynn,Norfolk,PE34 4PL,United Kingdom,
Mervyn Lambert Plant Ltd,Millpond Farm,Smallworth Lane,Garboldisham,Norfolk,IP22 2SP,United Kingdom,
Metal Tech Roofing & Cladding Ltd,Kelvin House,Calder Street,Coatbridge,,ML5 4EY,United Kingdom,
Metalfloor UK Ltd,"Units 1A & 1B, Dakota Business Park","Dakota Way, Burscough Industrial Estate",Burscough,Lancashire,L40 8AF,United Kingdom,
Metashape Architects Limited,45 Southgate Street,,Winchester,,SO23 9EH,United Kingdom,
MICA Architects Ltd,123 Camden High Street,,London,,NW1 7JR,United Kingdom,
Michael I Holdsworth Limited,The Mill,Manchester Road,Tideswell,Derbyshire,SK17 8LN,United Kingdom,
Micro-Business Maintenance Ltd,8A Windmill Bank,,Wombourne,Staffordshire,WV5 9JD,United Kingdom,
Microbore Tooling Systems Ltd,Whitacre Road Industrial Estate,Whitacre Road,Nuneaton,,CV11 6BX,United Kingdom,
MicroMed Electronics Ltd,11 Drakes Way,Mayford,Woking,Surrey,GU22 0NX,United Kingdom,
Midland Forestry Limited,Head Office & Solihull Depot:,"Rear of Eastcote Hall Farm, Barston Lane,, Hampton-in-Arden,",Solihull,"West Midlands,",B92 0HR,United Kingdom,
Midlands Health & Safety Consultancy Ltd,South Staffs Business Park,Hawkins Drive,Cannock,Staffordshire,WS11 0XT,United Kingdom,
Midtherm Engineering Limited,Staffordshire House,New Road,Netherton,Dudley,DY2 8TA,United Kingdom,
Midtherm Laser Limited,Albion Works,Peartree Lane,Dudley,,DY2 0UY,United Kingdom,
Midwest Mechanical & Electrical Services Ltd,1 Pelham Street,,Wolverhampton,,WV3 0BJ,United Kingdom,
Mike England Timber Co Ltd,Brindle Mill,"Bournes Row, Hoghton",Preston,Lancashire,PR5 0DR,United Kingdom,
Millennium Translations Ltd,286 Yorkshire Street,,Rochdale,Lancashire,OL16 2DR,United Kingdom,
Miller Contracts Limited,10 Northumberland Alley,,London,,EC3N 2EJ,United Kingdom,
Mississippi Ltd,Gothic House,"Barker Gate, The Lace Market",Nottingham,Nottinghamshire,NG1 1JU,United Kingdom,
Mitanium Group Holdings Ltd t/a Mitanium Manufacturing Ltd and Mitanium Rental Ltd,"Unit 13, New Luckhurst Farm",Bethersden Road,Smarden,Kent,TN27 8QT,United Kingdom,
MKR Electronics Ltd,Unit B1 Manor Point,Manor Lane,Holmes Chapel,Cheshire,CW4 8GL,United Kingdom,
Mobexx Ltd,21 Park View Business Centre,Combermere,Whitchurch,Shropshire,SY13 4AL,United Kingdom,
Mobile Telecoms Transport Ltd,"Unit 8, Albert Martin Business Park",,Sutton in Ashfield,,NG17 1GZ,United Kingdom,
Mode Lighting Ltd,The Maltings,"63 High Street, Ware",Hertfordshire,,SG12 9AD,United Kingdom,
Mode Transport Ltd,Griffin House,18-19 Ludgate Hill,Birmingham,,B3 1DW,United Kingdom,
Moduloft Limited,"Units 1&2 Bridge Road,","Brompton on Swale,",Richmond,North Yorkshire.,DL10 7HS,United Kingdom,
"Molekula Group Incorporating Molekula Ltd, Scafell Chemicals, Sherman Chemicals Ltd","Lingfield Way,",,"Darlington,","County Durham,","DL1 4XX,",United Kingdom,
Moore Stephens Insight Ltd T\A Moore Insight,St James House,Vicar Lane,Sheffield,,S1 2EX,United Kingdom,
Morgan Contract Furniture Ltd,Clovelly Road,,Southbourne,Hampshire,PO10 8PQ,United Kingdom,
Moseley Brothers Ltd and TA MB Presswork,Unit 5 Narrowboat Way,,Dudley,,DY2 0XQ,United Kingdom,
Motion Consultants Ltd,84 North Street,,Guildford,Surrey,GU1 4AU,United Kingdom,
MPE Engineering Services Ltd,Unit 5 Carrera Court,"Church Lane, Dinnington",Sheffield,,S25 2RG,United Kingdom,
MPS UK Group Limited,Rossmore House,Rossmore Road East,Ellesmere Port,,CH65 3DA,United Kingdom,
MSMR Architects Ltd,The Old School,Exton Street,London,,SE1 8UE,United Kingdom,
Mulraney Components Limited,Unit 10 Wallows Road Industrial Estate,,Brierley Hill,West Midlands,DY5 1QB,United Kingdom,
Multi Glazing Systems Ltd,"Building 83, Bay 4, First Avenue",The Pensnett Estate,Kingswinford,,DY6 7FL,United Kingdom,
MyCare Home Services Ltd,Brook House,54A Cowley Mill Road,Uxbridge,Middlesex,UB8 2QE,United Kingdom,
Nairn Construction Ltd,South Hayrigg,,Lockerbie,Dumfriesshire,DG11 1BJ,United Kingdom,
Napier Clarke Architects Ltd,72 West Street,,Marlow,Buckinghamshire,SL7 2BP,United Kingdom,
Narrow Polythene Films Limited,Unit 9,"Slack Lane, Heanor Industrial Estate",Derbyshire,,DE75 7GX,United Kingdom,
"Neighbourhoods & Climate Change and Regeneration, Economy & Growth (Durham County Council)",St John’s Road Meadowfield Industrial Estate,Meadowfield,Durham,,DH7 8XQ,United Kingdom,
Network Delivery Associates Limited,56-58 High St,,Sutton,,SM1 1EZ,United Kingdom,
Newcastle City Council,Stratford House,Newington Road,Newcastle upon Tyne,,NE2 1PX,United Kingdom,
Nicholson Nairn Architects,F16 Willow Court Marquis Court,"Kingsway South, Team Valley Trading Estate",Gateshead,,NE11 0RU,United Kingdom,
Norframe Limited,Tillyroe Renewable Business Park,Udny,Aberdeenshire,,AB41 7RL,United Kingdom,
Northern Asbestos Service Limited,4 Southfield Drive,Elgin,Moray,,IV30 6GR,United Kingdom,
Northern Site Electrics Ltd,14-20 Clough Road,,Rotherham,Yorkshire,S61 1RD,United Kingdom,
Northwood Hygiene Products Limited,Northwood House,Stafford Park 10,Telford,Shropshire,TF3 3AB,United Kingdom,
Northwood Hygiene Products Ltd (Convertor Sites),Northwood Hygiene Products Ltd,Stafford Park 10,Telford,,TF3 3AB,United Kingdom,
Northwood Tissue,Northwood Tissue (Disley),"Waterside, Disley, Hague Bar",Stockport,,SK12 2HW,United Kingdom,
NTK Formwork Ltd,Randall's Yard,"Randall's Nursery, Lyne Court",Lyne,Chertsey,KT16 0AW,United Kingdom,
Nu Web Systems Ltd,"Unit 8, Enterprise House","Lloyd Street North, Manchester Science Park",Manchester,Lancashire,M15 6SE,United Kingdom,
Nueco Façade and Glazing,Burgess Road,,Sheffield,,S9 3WD,United Kingdom,
Nuneaton and Bedworth Community Enterprises Limited T/A NABCEL,261 Weddington Road,,Nuneaton,,CV10 0HE,United Kingdom,
Ocean Ecology Limited,River Office Severnside Park,Epney,Gloucester,,GL2 7LN,United Kingdom,
Ocee International Ltd,Liliput Road,Brackmills Industrial Estate,Northampton,,NN4 7AS,United Kingdom,
Offshore Electronics Ltd,Guelles Lane,St. Peter Port,Guernsey,,GY1 2RA,United Kingdom,
Offsite Solutions (RT) Ltd,Hoopers Close,Isleport Business Park,Highbridge,Somerset,TA9 4JU,United Kingdom,
Oleeo Ltd,5-7 Bridgeworks,The Crescent,London,,SW19 8DR,United Kingdom,
Omega PLC,Omega Boulevard,"Capitol Park, Thorne",Doncaster,,DN8 5TX,United Kingdom,
Onboard Corrugated Ltd,Onboard House,"Neachells Lane Roundabout, Neachells Lane",Wolverhampton,,WV11 3QH,United Kingdom,
One Civils Limited,Crossroads,"Sywell Road, Holcot",Northampton,,NN6 9SN,United Kingdom,
One Environmental,"Unit 2, Swanbridge Industrial Estate",Black Croft Road,Witham,Essex,CM8 3YN,United Kingdom,
OneBore Limited,"OneBore Office, Great North Road",Ferrybridge,Knottingley,,WF11 8PL,United Kingdom,
OnPoint Trac Limited,Unit Q Dairy Farm Road,Rainford,St. Helens,,WA11 7JH,United Kingdom,
Orbital Gas Systems Limited,Cold Meece,,Stone,Staffordshire,ST15 0QN,United Kingdom,
OSB Group,OSB House,Quayside,Chatham Maritime,Kent,ME4 4QZ,United Kingdom,
Osbornes (Quantity Surveyors) Ltd,Orchard Court V,"Binley Business Park, Harry Weston Road",Coventry,,CV3 2TQ,United Kingdom,
Ostin Construction Limited,​Unit 2 Ram Court,Wicklesham Lodge Farm,Faringdon,Oxfordshire,SN7 7PN,United Kingdom,
Outlook Training Ltd,Ellenroad Estate,Bentgate Street,Newhay,,OL16 4NU,United Kingdom,
Owen Environmental Ltd,Penmaen Ucha Farm,Penmaenpool,Dolgellau,Gwynedd,LL40 1YD,United Kingdom,
OWS Fire Rated Ltd,34A Hobbs Industrial Estate,Felbridge,Lingfield,,RH7 6HN,United Kingdom,
Oxford Bearings Limited,41 Wedgwood Road,,Bicester,Oxfordshire,OX26 4UL,United Kingdom,
P & HS Architects Ltd,6th Floor,84 Albion Street,Leeds,,LS1 6AG,United Kingdom,
P2 Joinery Limited,"Units 4, 5 & 6, Three Boundaries Business Park",Coventry Road,Leicester,Leicestershire,LE9 3GP,United Kingdom,
Paget & Glover Springs Ltd,8-12 Barnfield Road,,Tipton,West Midlands,DY4 9DF,United Kingdom,
Paisley Engineering Limited,Unit 36 - 38,"Greenlaw Industrial Estate, Wallneuk Road",Paisley,Renfrewshire,PA3 4BT,United Kingdom,
Park Holland Mechanical Services Ltd,Unit 5,"Gatewarth Industrial Estate, Barnard Street",Warrington,,WA5 1DD,United Kingdom,
Parking Facilities Limited,Trinity Road,Piccadilly,Tamworth,Staffordshire,B782EX,United Kingdom,
Parkside Flexibles (Europe) Limited,Tyler Close,Normanton,West Yorkshire,,WF6 1RL,United Kingdom,
Partner Electronics Ltd,Unit 5,New Rookery Farm,Silverstone,,NN12 8UP,United Kingdom,
Passive Fire Protection Specialists Limited,9 Spiersbridge Way,"Spiersbridge Business Park, Thornliebank",Glasgow,,G46 8NG,United Kingdom,
Pathway First Ltd T/A Pathway Group,Amington House,"95 Amington Road, Tyseley",Birmingham,,B25 8EP,United Kingdom,
Pelsis Limited,Sterling House,Grimbald Crag Close,Knaresborough,,HG5 8PJ,United Kingdom,
Performance Joinery Ltd,Ovi House Ratcher Way,,Mansfield,,NG19 0FS,United Kingdom,
PetroStrat Ltd,"Unit 8, Tan Y Graig","Conwy Morfa Enterprise Park, Parc Caer Seion,",Conwy,Gwynedd,LL32 8FA,United Kingdom,
Phoenix Gas Services Limited,Phoenix Head Office,"Furlong Road, Tunstall",Stoke-on-Trent,Staffordshire,ST6 5UD,United Kingdom,
Physiological Measurements Ltd,The Old Malthouse,Willow Street,Oswestry,Shropshire,SY11 1AJ,United Kingdom,
Pic-Up Spares Limited,Jersey Road,Winch Wen,Swansea,,SA1 7DW,United Kingdom,
Pinnacle Carpentry and Roofing Limited,Unit 12,"Orbital Industrial Estate, Horton Rd",West Drayton,,UB7 8JL,United Kingdom,
Pinnegar Hayward Limited T/A Pinnegar Hayward Design,87 Carver Street,,Birmingham,,B1 3AL,United Kingdom,
Pinpoint Homes Ltd,293 Green Lanes,Palmers Green,London,,N13 4XS,United Kingdom,
Pioneer Veterinary Products Limited,Woolage Farm,"Woolage Green, Canterbury",Kent,,CT4 6SG,United Kingdom,
Plann3d Solutions Ltd,"Pegasus House, Pembroke Avenue",Waterbeach,Cambridge,Cambridgeshire,CB25 9PY,United Kingdom,
Plasnet Ltd and Narrow Polythene Films Ltd,Unit 9 Slack Lane,Heanor Industrial estate,Derbyshire,,DE75 7GX,United Kingdom,
Platinum Stairlifts Limited Incorporating Platinum Precision Sheet Metal,"Unit 10, Crosshills Business Park",Crosshills,Keighley,West Yorkshire,BD20 7BW,United Kingdom,
PLT Training Ltd,Unit 30,"Fallings Park Industrial Estate, Park Lane",Wolverhampton,,WV10 9QB,United Kingdom,
PM Training and Assessing Limited,The Courtyard Granary,"Standard Street, Crickhowell",Powys,,NP8 1BP,United Kingdom,
Poise Group Limited,107 Cleethorpe Road,,Grimsby,North East Lincolnshire,DN31 3ER,United Kingdom,
Poppi Contract Furniture Ltd,3 Park Square East,,Leeds,,LS1 2NE,United Kingdom,
Portable Conveyors Limited,Bowling Green Lane,,Albrighton,Wolverhampton,WV7 3HB,United Kingdom,
Portals Paper Ltd,Bathford Mill,"Bathford Hill, Bathford",Bath,,BA1 7QG,United Kingdom,
Power Service Solutions Ltd incorporating Power Service Solutions Engineering Ltd,62F Lord Avenue,Teesside Estate,Stockton On Tees,,TS17 9JX,United Kingdom,
Power System Consultants Limited TA Smart G Power,71-75 Uxbridge Road,Ealing,London,,W5 5SL,United Kingdom,
Pragmatic Maintenance & Reliability Ltd,The Old Fuel Depot,Twemlow Lane,Twemlow,,CW4 8GJ,United Kingdom,
Precision Colour Printing Limited,Haldane,Halesfield 1,Telford,Shropshire,TF7 4QQ,United Kingdom,
Premier Paper Group Ltd,Midpoint Park,Minworth,Birmingham,,B76 1AF,United Kingdom,
Premier Welding Ltd,"Unit 5, Carberry Court","28 Queen Elizabeth Avenue, Hillington Park",Glasgow,,G52 4NQ,United Kingdom,
Prestige Optical Limited,Rivers Lodge,West Common,Harpenden,,AL5 2JD,United Kingdom,
Prestige Services London Ltd,3 Tudor Court,Brighton Road,Sutton,,SM2 5AE,United Kingdom,
Price & Oliver Limited,Unit 9,Magreal Industrial Estate,Birmingham,,B16 0QZ,United Kingdom,
Prifysgol Bangor University,College Road,,Bangor,Gwynedd,LL57 2DG,United Kingdom,
Pro Mech Ground Support Systems,Unit 7a The Gardens,,Fareham,Hampshire,PO16 8SS,United Kingdom,
Process Plus Ltd,Unit 10 & Unit 6,"Dickson Street, Elgin Industrial Estate",Dunfermline,,KY12 7SL,United Kingdom,
Project Group Limited...,Dalton House,17 Harrison Road,Halifax,,HX1 2AF,United Kingdom,
Promtek Ltd,Fisher Street,Brindley Ford,Stoke-on-Trent,Staffordshire,ST8 7QJ,United Kingdom,
Propak Architectural Glazing Limited,Unit 1 – 9 Gunnels Wood Industrial Estate,"Gunnels Wood Road, Stevenage",Herts,,SG1 2BH,United Kingdom,
Property Damage London Ltd,56 Longheath Gardens,,Croydon,,CR0 7TD,United Kingdom,
Protektor Group UK Limited,Protektor House,"Edwin Avenue, Hoo Farm Industrial Estate",Kidderminster,,DY11 7RA,United Kingdom,
Provincial Engineering (Lancashire) Ltd,Unit 2,2 Waterside Industrial Estate,Colne,,BB8 0TA,United Kingdom,
PSP Worldwide Logistics Ltd,Premier House 24,"Brunel Way, Segensworth East",Fareham,Hampshire,PO15 5SD,United Kingdom,
PTG Treatments Ltd,32 Berth,Tilbury Docks,Tilbury,,RM18 7DP,United Kingdom,
Pure Staff Ltd,The Chamberlain Building,36 Fredrick Street,Birmingham,,B1 3HN,United Kingdom,
Pyments Alcester Limited,Kinwarton House,Captains Hill,Alcester,Warwickshire,B49 6HA,United Kingdom,
QIC Trims Ltd,Radclive Road,Gawcott,Buckingham,,MK18 4BL,United Kingdom,
QJS (UK) Ltd,Skellingthorpe Road,Saxilby,Lincoln,,LN1 2LR,United Kingdom,
Qubit Interior Solutions Ltd and Qubit Moves and Storage Limited trading as Qubit,"Unit B, Parkside Works","Thames Road, Crayford",Dartford,Kent,DA1 4SB,United Kingdom,
Quora-group Ltd & Quora Group Services Ltd,9 Hedley Court,"Orion Business Park, Tyne Tunnel Trading Estate",North Shields,Tyne & Wear,NE29 7ST,United Kingdom,
Qure Group Ltd,Clayton House,59 Piccadilly,Manchester,,M1 2AQ,United Kingdom,
R G Stones Buildings Limited,Preesgweene,Weston Rhyn,Oswestry,Shropshire,SY10 7TZ,United Kingdom,
R H Irving Construction Ltd,Hylton House,"Borders Business Park, Longtown",Cumbria,,CA6 5TD,United Kingdom,
R Lewis and Co (UK) Ltd,Unit 6,"Llandough Industrial Estate, Penarth Road",Cardiff,,CF11 8RR,United Kingdom,
R&R Contracts-Renovation & Refurbishment Specialists Limited,Unit 1 Hampton Hill Farm,"Diddington Lane, Hampton in Arden",Solihull,,B92 0FE,United Kingdom,
R.M.S. Limited,Milton Court,East Portway Business Park,Andover,Hampshire,SP10 3LU,United Kingdom,
Rackline Limited,Oak Tree Lane Talke,Talke Pits,Stoke-on-Trent,,ST7 1RX,United Kingdom,
Raddec International Ltd,Unit 46 Romsey Industrial Estate,,Romsey,,SO51 0HR,United Kingdom,
Radius Construction Limited,Unit 7,290 Mare Street,London,,E8 1HE,United Kingdom,
RC Jones (Lifting) Ltd,61 Chapel Street,Netherton,Dudley,West Midlands,DY2 9PN,United Kingdom,
Reach CM Ltd,50 Havelock Terrace,,London,,SW8 4AL,United Kingdom,
Rebound Electronics (UK) Limited,Rivergate House,"Newbury Business Park, London Road",Newbury,,RG14 2PZ,United Kingdom,
Recotherm Limited,"Unit A, Astwood Business Park","Astwood Lane, Astwood Bank",Redditch,Worcestershire,B96 6HH,United Kingdom,
RED Construction Group Ltd,41-43 Saffron Hill,,London,,EC1N 8FH,United Kingdom,
Redwing Environmental Ltd,Unit 11 Station Yard Industrial Estate,Higham-on-the-Hill,Nuneaton,,CV13 6AG,United Kingdom,
Reeda Safety Ltd T/A Building Transformation Ltd,Unit 1-3,Bury Walk,Bedford,,MK41 0HT,United Kingdom,
Reelvision Print Limited,Commerce Street,"Carrs Industrial Estate, Haslingden",Lancashire,,BB4 5JT,United Kingdom,
Reflex Medical Limited,Blue Tower,Townsend,Shepton Mallet,,BA4 5SB,United Kingdom,
Refurbished Turbine Components Ltd,Unit 7 The Furlong,Berry Hill Industrial Estate,Droitwich,,WR9 9AH,United Kingdom,
Regal Wholesale Limited,5 Riverview Business Park,"Shore Wood Road, Bromborough",Wirral,Merseyside,CH62 3RQ,United Kingdom,
Regent Engineering Company (Walsall) Limited,Central Trading Estate,"Salisbury Street, Darlaston",Wednesbury,,WS10 8XB,United Kingdom,
Remediation Technologies Ltd,Unit 10B Sand Road Industrial Estate,Great Gransden,Sandy,Bedfordshire,SG19 3AH,United Kingdom,
Rendserve Ltd,14 Charnwood Office Village,Off North Road,Loughborough,Leicestershire,LE11 1QJ,United Kingdom,
REO UK Ltd,Units 2-4 & 6 Callow Hill Road,Craven Arms Business Park,Craven Arms,Shropshire,SY7 8NT,United Kingdom,
Repair & Calibration Ltd,Unit 1 Weighbridge Row,Cardiff Road,Reading,Berkshire,RG1 8LX,United Kingdom,
RePc Ltd,4 The Great Bridge Centre,Charles Street,West Bromwich,,B70 0BF,United Kingdom,
Residual Barrier Technology Ltd,The Die-Pat Centre,Broad March,Daventry,,NN11 4HE,United Kingdom,
Revival Industrial and Domestic Works,"Unit 1C, Haig Enterprise Park",,Whitehaven,Cumbria,CA28 9AN,United Kingdom,
RF Brothers Ltd,290 Parsloes Avenue,,Dagenham,,RM9 5QJ,United Kingdom,
RG Wilbrey (Consultants) Ltd,Aspen House,Great Brickkiln Street,Wolverhampton,,WV3 0PT,United Kingdom,
RGS Cleaning Ltd,96 Hangingwater Road,,Sheffield,,S11 7ER,United Kingdom,
RHSS Ltd T/A Havio,"The Forum, 69 Turnmill Street",Farringdon,London,,EC1M 5RR,United Kingdom,
Ripple Group Limited TA Ripple Developments Limited and Ripple Engineering Limited (RED),Ripple Group,"Soho Street, Oldham",Greater Manchester,,OL4 2AD,United Kingdom,
Ritrama UK Limited,Unit 2,"Fifth Avenue, Dukinfield",Manchester,,SK16 4PP,United Kingdom,
"RJ Power Group, inc RJ Power Connections, RJ Power Networks, RJ Power North",Unit 4 Five Arches Business Park,Maidstone Road,Sidcup,,DA14 5AG,United Kingdom,
RNR Group T/A RNR UK 2014 Limited & RNR Traffic Management Limited,Progress Drive,,Cannock,,WS11 0JE,United Kingdom,
Rocliff Ltd,Unit 1 & 2 Hussey Road,Battlefield Enterprise Park,Shrewsbury,,SY1 3TE,United Kingdom,
Roger Paling Joiners Ltd,80 Church Street,,Hull,East Yorkshire,HU9 1DT,United Kingdom,
Rolawn Ltd,The Airfield,Seaton Ross,York,,YO42 4NF,United Kingdom,
Rosewood Pet Products Limited,"Unit 9, Horton Wood West","Queensway, Hadley",Telford,Shropshire,TF1 6AH,United Kingdom,
RS Industrial Services (North East) Ltd,2 Cassel Court,Haverton Hill Road,Billingham,,TS23 1RB,United Kingdom,
Rubix Group Holdings Ltd,Valentine Building,"Apollo Buckingham, Health Sciences Campus Limited, The Campus, Crewe Green Road",Crewe,,CW1 5DU,United Kingdom,
RVT Parametrix Ltd,28 Pickford Street,,Birmingham,,B5 5QH,United Kingdom,
S Lester Packing Materials Limited,Unit 15 Mount Road,,Burntwood,Staffordshire,WS7 0AJ,United Kingdom,
S P Faizey Chartered Architects,1 Station Court,Girton Road,Cannock,Staffordshire,WS11 0EJ,United Kingdom,
Saadia Ltd T/A 24-7 Healthcare and 1 to 1 Healthcare,7 – Firmdale Village,Ryan Drive,London,,TW8 9ZB,United Kingdom,
Safe Asbestos Removal Ltd,Unit 1,"Park Works, River Street",Heywood,,OL10 4AB,United Kingdom,
Safety Monitors T/A 7solutions,Unit 2 Church House Farm, Clewers Hill,Waltham Chase,,SO32 2LN,United Kingdom,
Sai Medical Solutions Ltd,71 - 75 Shelton Street,Covent Garden,London,,WC2 H9JQ,United Kingdom,
Salus Support Services Ltd,3 Mulberry Place,Pinnell Road,London,,SE9 6AR,United Kingdom,
Sandhurst Group 2016 Ltd,Unit 1 Saxon House,"Upminster Trading Park, Warley Street",Upminster,Essex,RM14 3PJ,United Kingdom,
Sandland Packaging Limited,Unit 5 Phoenix Industrial Estate,Loxdale Street,Bilston,West Midlands,WV14 0PR,United Kingdom,
Satoplast International Limited,2a Middlebrook Farm Industrial,Hoe Lane,Nazeing,,EN9 2RJ,United Kingdom,
Sav-Eco Packaging Ltd,140 Waterside Road,,Leicester,,LE5 1TN,United Kingdom,
SCB Vehicle Dismantlers,Newbridge Industrial Estate,Claylands Road,Newbridge,Midlothian,EH28 8LF,United Kingdom,
Scenariio Ltd,The Chocolate Factory,Siddals Road,Derby,,DE1 2QD,United Kingdom,
Scholastic Limited,No1 London Bridge,,London,,SE1 9BG,United Kingdom,
Scope iT Ltd,"Unit 14, The Quad, Atherleigh Business Park","Gibfield Park Avenue, Atherton",Manchester,,M46 0SY,United Kingdom,
Scotia Survey and Safety Ltd,"Unit 6.21, Clyde Workshops",Cambuslang,Glasgow,,G32 8YL,United Kingdom,
Scott Timber Ltd t/a Scott Pallets,Halbeath Interchange,,Dumfermline,Fife,KY11 8RY,United Kingdom,
SD Engineers Ltd,4th Floor 1 Throgmorton Avenue,,London,,EC2N 2JJ,United Kingdom,
Secure Impact Limited,The Old Bull Pens,"Icehouse Lane, Sezincote",Moreton-In-Marsh,Gloucestershire,GL56 9AW,United Kingdom,
Select Works Ltd,Unit 3 Bensham Street,,Boldon Colliery,Tyne and Wear,NE35 9LN,United Kingdom,
Serfis Construction and Engineering Ltd,Pedmore House,102a Pedmore Road,Stourbridge,West Midlands,DY9 8DG,United Kingdom,
SeSe Limited (Southeast Site Engineers Limited),174 Caledonian Road,,London,,N1 0SQ,United Kingdom,
Severn Valley Window and Door Ltd,Stourbridge Road Industrial Estate,Units 8 & 9 Off Faraday Drive,Bridgnorth,,WV15 5BA,United Kingdom,
SFD Group Ltd,Unit 1 Tunstall Arrow North,"James Brindley Way, Sandyford",Stoke-on-Trent,,ST6 5FD,United Kingdom,
SG Elite Limited,3rd Floor,85 Victoria Street,Belfast,,BT1 4PB,United Kingdom,
Shaw Installations Limited,157 Sapcote Road,Burbage,Hinckley,Leicestershire,LE10 2AT,United Kingdom,
Sherwood Press (Nottingham) Ltd,Haddon Court,Glaisdale Parkway,Nottingham,,NG8 4GP,United Kingdom,
Shropshire Precision Engineering Ltd,Units 43A & 59,Atcham Business Park,Shrewsbury,Shropshire,SY4 4UG,United Kingdom,
Simark Construction Ltd,The Carriage House,"Elm Road, Albrighton",Wolverhampton,,WV7 3HJ,United Kingdom,
Simply Luxe Ltd,The Simply Cartons Factory,Bleachers Yard,Nottingham,,NG7 7EF,United Kingdom,
Simply Solutions (Europe) Limited,Ionracas House,6 Allen Rd,Livingston,,EH54 6TQ,United Kingdom,
Simpson Carpenter Ltd,Tuition House,"27-37 St George’s Road, Wimbledon",London,,SW19 4EU,United Kingdom,
Sirius Analysis Limited incorporating Sirius Digital Services Limited and Sirius Analysis Inc.,"Second Floor South Suite, Room 2.4, National Maritime Systems Centre","Innovation & Collaboration Hub, Portsdown Technology Park, Southwick Road",Portsmouth,Hampshire,PO6 3RU,United Kingdom,
Sitemark Limited,Hornyold House,Blackmore Business Park,Hanley Swan,Worcestershire,WR8 0EF,United Kingdom,
Skyner Engineering Services Ltd,"Unit 28, Drome Road",Zone 1 Deeside Industrial Estate,Deeside,Flintshire,CH5 2NY,United Kingdom,
SL Packaging & Transport Limited,Unit 2A,Weddington Terrace,Nuneaton,Warwickshire,CV10 0AG,United Kingdom,
Sleaford Quality Foods Ltd,Woodbridge Road,"East Road Industrial Estate, Sleaford",Lincolnshire,,NG34 7JX,United Kingdom,
SM Cleaning & Support Services Ltd,Unit 9,"Bexley Space, Manor Park, Bexley",Kent,,DA5 3LX,United Kingdom,
Smarte Carte Europe,Smarte Carte UK Ltd,"6 Ryder Court, Saxon Way East, Oakley Hay Industrial Estate",Corby,Northamptonshire,NN18 9NX,United Kingdom,
SMD Electrical Contractors Ltd,4 Ridge House,Ridge House Drive,Stoke-on-Trent,Staffordshire,ST1 5SJ,United Kingdom,
Solidcor Ltd,Unit 5 Sheepbridge Lane,,Chesterfield,,S41 9RX,United Kingdom,
Solutex Ltd,Unit 1,Ellesmere Business Park,Ellesmere,Shropshire,SY12 0EW,United Kingdom,
Sound Interiors Limited,4 Levens Road,"Newby Road Industrial Estate, Hazel Grove",Stockport,Greater Manchester,SK7 5DL,United Kingdom,
Southerns Broadstock Interiors Limited,Unit 1 Easter Park,Wingates Industrial Estate,Bolton,,BL5 3XU,United Kingdom,
Southfields Engineering Limited,Unit 6 Guild Prime Business Centre,Southend Road,Billericay,Essex,CM11 2PZ,United Kingdom,
Space Workplace Ltd,Golderbrock House,15-19 Great Titchfield Street,London,,W1W 8AZ,United Kingdom,
Spacemaker Developments Ltd (SMD Ltd),Suite 1 Xenus House,"Sandpiper Court, Eaton Socon",St Neots,,PE19 8EP,United Kingdom,
Specialist Door Solutions Ltd,Unit 1,Bordon Trading Estate,Bordon,,GU35 9HH,United Kingdom,
Specialist Painting Group Ltd t/a SPG,Padholme Road East,Fengate,Peterborough,,PE1 5XL,United Kingdom,
ST Services Shropshire Ltd,Unit 1A,Halesfield 5,Telford,Shropshire,TF7 4QJ,United Kingdom,
Stairlifts (Scotland) Ltd,9 Arrol Road,,Glasgow,,G40 3DQ,United Kingdom,
Starling Technologies Ltd,85 Great Portland Street,First Floor,London,,W1W 7LT,United Kingdom,
Stave-Con Ltd,Unit 6-7 Spring Road Industrial Estate,Lanesfield,Wolverhampton,,WV4 6LF,United Kingdom,
Stein Electrical and Mechanical Solutions Ltd,Grove House,"Kilmartin Place, Tannochside Park",Uddingston,,G71 5PH,United Kingdom,
Stemko Group Ltd,Travis House,"Cuckoo Lane, Hatfield",Doncaster,,DN7 6QE,United Kingdom,
Stiltz Ltd,"Building E, Prime Point, Dandy Bank Road",The Pensnett Estate,Kingswinford,West Midlands,DY6 7TD,United Kingdom,
Storm Geomatics Ltd,"Unit 11, Shipston Business Village",Tilemans Lane,Shipston on Stour,,CV36 4FF,United Kingdom,
Student Loans Company Limited,10 Clyde Place,,Glasgow,,G5 8DF,United Kingdom,
Studio KMA Limited,Clarence Arcade,Stamford Street,Ashton-under-Lyne,Greater Manchester,OL6 7PT,United Kingdom,
Styro-Tech Limited,Unit 33 Phoenix Industrial Estate,Charles Street,West Bromwich,,B70 0AY,United Kingdom,
Successconnections Utility Consultancy and Engineering Services Limited,5th Floor,"Exchange Station, Tithebarn Street",Liverpool,,L2 2QP,United Kingdom,
Summit Building Contractors Ltd,Unit 4b Comet House,"Calleva Park, Aldermaston",Reading,Berkshire,RG7 8JA,United Kingdom,
Super Structures Associates Ltd,Electroline House,15 Lion Road,Twickenham,,TW1 4JH,United Kingdom,
Surfactants Ltd inc Pur-Chemie Ltd,Unit 4,"Richmond Road, Trafford Park",Manchester,,M17 1RE,United Kingdom,
SWG Construction (Build & Renovate) Ltd,Canalside,Maesydoe,Welshpool,,SY21 7AH,United Kingdom,
Swift Brickwork Contractors Limited,Reigate Barn,"Langford Road, Wickham Bishops",Essex,,CM8 3JG,United Kingdom,
Swift Office Cleaning (Hounslow) Ltd,439 Great West Road,,Hounslow,,TW5 0BY,United Kingdom,
Switch Mobility Ltd,Hurricane Way,South Sherburn in Elmet,Leeds,North Yorkshire,LS25 6PT,United Kingdom,
Sword Engineering Ltd,1 Aston Road Business Park,,Wem,Shropshire,SY4 5BA,United Kingdom,
Syensqo t/a Cytec Engineered Materials Ltd,Sinclair Close,Heanor Gate Industrial Estate,Heanor,Derbyshire,DE75 7SP,United Kingdom,
Synergize Limited,4 Greengate,Cardale Park,Harrogate,,HG3 1GY,United Kingdom,
Synergy Architects Ltd,8 Euston Place,,Leamington Spa,,CV32 4LN,United Kingdom,
Synergy IT Solutions and Management Ltd,Branston Court,"Branston Street, Jewellery Quarter",Birmingham,,B18 6BA,United Kingdom,
Sysclad Manufacturing Ltd,Unit H2,Halesfield 19,Telford,,TF7 4QT,United Kingdom,
Syscom PLC,6 & 7 Baird House,The Innovation Centre,Kingswinford,West Midlands,DY6 7YA,United Kingdom,
T & L Marquee Hire Limited,Rathvilly Farm,"Barn Lane, Milton Malsor",Northamptonshire,,NN7 3AG,United Kingdom,
T Vaughan Ltd,"Jubilee House, 3 The Dr","Great Warley, Warley",Brentwood, Essex,CM13 3FR,United Kingdom,
T&R Fire Protection Ltd,117 Swan Lane,Wickford,Essex,,SS11 7DE,United Kingdom,
Tables for Business Limited,4th Floor,Sycamore Street,London,,EC1Y 0SG,United Kingdom,
TAD Electronics Ltd,1 Ascot Road,Keytec 7 Business Park,Pershore,,WR10 2JJ,United Kingdom,
Taylor Made Joinery Interiors Limited,Manor Wood,"Ipswich Road, Bildeston",Ipswich,,IP7 7BH,United Kingdom,
Taylor Smith Carpets Ltd,Mainyard Studios,"Unit C4, 17 Lyon Road",London,,SW19 2RL,United Kingdom,
TCL Packaging Ltd,The Opal Building,Stafford Park 6,Telford,Shropshire,TF3 3AT,United Kingdom,
Technical Safety Products Ltd T/A Toolarrest,2VP Suare,Storeys Bar Road,Peterborough,,PE1 5TQ,United Kingdom,
Technicare Ltd T/A Blyth Group Ltd,Blyth House,Hordern Road,Wolverhampton,,WV6 0HS,United Kingdom,
Technoprint Cheshire Limited,The Old School,"School Road, Meadowbank",Winsford,Cheshire,CW7 2PG,United Kingdom,
Techpoint Distribution Limited,Unit 9 Temple House Estate,7 West Road,Harlow,Essex,CM20 2DU,United Kingdom,
Tela Technology Ltd,"4 Station Court, Old Station Road",Hampton in Arden,Solihull,Warwickshire,B92 0HA,United Kingdom,
Telecentric Ltd,"Suite 4, Colman House","Station Road,, Knowle",Solihull,Warwickshire,B93 0HL,United Kingdom,
Telenova Ltd,79 Boleness Road,,Wisbech,,PE13 2XQ,United Kingdom,
Telford Fabrications Ltd,Unit A4,Halesfield 13,Telford,Shropshire,TF7 4PL,United Kingdom,
Temperature Controlled Distribution Ltd (TCD),67 Urmston Lane,Stretford,Manchester,,M32 9BG,United Kingdom,
Terra Solutions Ltd,17b Cosgrove Way,,Luton,,LU1 1XL,United Kingdom,
Test Client,,,Telford,,,United Kingdom,
TFW Group Ltd T/A Terra Firma,5 Deryn Court,"Wharfedale Road, Pentwyn",Cardiff,South Glamorgan,CF23 7HA,United Kingdom,
TGM Contractors Ltd,A11 Bell Lane Office Village,"Bell Lane, Little Chalfont",Amersham,,HP6 6FA,United Kingdom,
The 3D Measurement Company Limited,"Unit 5, Building 6, Stanmore Business Park",,Bridgnorth,,WV15 5HR,United Kingdom,
The Black Penny Group Limited,Units 7-11 Building 326,Rushock Trading Estate,Droitwich,Worcestershire,WR9 0NR,United Kingdom,
The Creative Core Group Limited Incorporating Hadley Interiors Limited,First Floor East F Mill,"Dean Clough Mills, Halifax",West Yorkshire,,HX3 5AX,United Kingdom,
The Development Manager Ltd,County House,St Mary's Street,Worcester,,WR1 1HB,United Kingdom,
The Digital College Ltd,Omnibus,39-41 North Road,London,,N7 9DP,United Kingdom,
The Environment Agency,Horizon House,Deanery Road,Bristol,,BS1 5AH,United Kingdom,
The Optima Group Ltd,Courtyard House,"West End Road, High Wycombe",Bucks,,HP11 2QB,United Kingdom,
Therma Mech Ltd,Cargo Work,"Office Block 1, Cumberland Road",Bristol,,BS1 6ZA,United Kingdom,
Thermserve Limited,Halesfield 2,,Telford,Shropshire,TF7 4QH,United Kingdom,
Therser (UK) Ltd,Walley Street,Burslem,Stoke-on-Trent,Staffordshire,ST6 2AH,United Kingdom,
Think Access Group Ltd incorporating Think Access Ltd and Think Access (NW) Ltd,Unit 3 Menasha Way,Queensway Industrial Estate,Scunthorpe,,DN16 3RT,United Kingdom,
Thor Safety Ltd,"Unit 6, Albion Works",Moor Street,Brierley Hill,,DY5 3SZ,United Kingdom,
Tilhill Forestry Ltd T/A Maelor Forest Nurseries,Fields Farm,Bronington,Wrexham,,SY13 3HZ,United Kingdom,
TLW Global Limited,Brunel House,Brunel Close,Harworth,,DN11 8QA,United Kingdom,
TMT First Ltd,Holditch House,Holditch Road,Newcastle-under-Lyme,,ST5 9JQ,United Kingdom,
Top Tubes Limited,2 Smith Road,Off Potters Lane,Wednesbury,,WS10 0PD,United Kingdom,
Torsion Group Limited incorporating Torsion Construction Limited and Torsion Projects Limited,1280 Century Way,Thorpe Park,Leeds,Yorkshire,LS15 8ZB,United Kingdom,
Total Clean Services,"Unit 4, Gateway Mews",Bounds Green,London,,N11 2UT,United Kingdom,
Total Storage Systems Ltd,Kings Thursday,Christchurch Lane,Market Drayton,,TF9 1DZ,United Kingdom,
Total Truck Training (UK) Ltd,Corner House,Button Oak,Kinlet,Shropshire,DY12 3AQ,United Kingdom,
Tower Systems (South Wales) Ltd,Unit 5E A Mamhilad Park Estates,,Pontypool,,NP4 0HZ,United Kingdom,
TPL Labels Ltd,18 Singer Road,,East Kilbride,,G75 OXS,United Kingdom,
Trade Effluent Service Ltd incorporating Agrispread Ltd,4 Factory Road,Sandycroft,Deeside,,CH5 2QJ,United Kingdom,
Trans Solutions Midlands & Manchester Ltd T/A Transcentral,Terminal 1 South Staffs Business Park,Hawkins Drive,Cannock,Staffordshire,WS11 0XT,United Kingdom,
Translink International Group,Unit 1-3 Gorton Crescent,"Windmill Industrial Estate, Denton",Manchester,,M34 3RB,United Kingdom,
Transmission Engineering Services Limited,16 The Eco Centre,,Hebburn,Tyne & Wear,NE31 1SR,United Kingdom,
Treetop Printing and Design LLP T/A Treetop Design and Print,"Unit 5 & 6, The Bell Centre,","Newton Road,",Crawley,West Sussex,RH10 9FZ,United Kingdom,
Triangle Architects Ltd,Lower Ground Floor 4,Jordan Street,Manchester,,M15 4PY,United Kingdom,
Trident Marketing Anglia Limited,Trident House,Semer,Ipswich,Suffolk,IP7 6HL,United Kingdom,
Triwonder Digital Ltd,"Unit 5, Floor 2","Cannon Park, Transfesa Road",Paddock Wood,Kent,TN12 6UF,United Kingdom,
Trovex Ltd,Innova House,"Rash’s Green, Dereham",Norfolk,,NR19 1JG,United Kingdom,
Truline Systems Limited,Apollo Park,Roundsgreen Road,Oldbury,West Midlands,B69 2DA,United Kingdom,
TS Designs Limited,Unit 5 The Gateway Centre,Cressex Business Park,High Wycombe,,HP12 3SU,United Kingdom,
TSE Group Services Ltd,Smart House,"Brielle Way, Sheerness",Kent,,ME12 1YW,United Kingdom,
UAVE Ltd,Unit 7,Aberporth Technology Park,Ceredigion,Powys,SA43 2DZ,United Kingdom,
UK Comms Limited,Unit 8 Cochran Close,Crownhill,Milton Keynes,,MK8 0AJ,United Kingdom,
UK Grid Connections Ltd,SO7 2nd Floor Genesis Centre,Innovation Way,Stoke on Trent,,ST6 4BF,United Kingdom,
UK Industrial Tapes Ltd,Brumwell House,"Westway Industrial Estate, Throckley",Newcastle Upon Tyne,,NE15 9EW,United Kingdom,
UK Line Ltd,Codham Hall,"Codham Hall Lane, Great Warley",Essex,,CM13 3JT,United Kingdom,
UK Packaging Supplies Ltd,100 Brantwood Road,,Tottenham,,N17 0XY,United Kingdom,
UK Special Projects Limited,Security House Wilson Street,"Bonlea Trading Estate, Thornaby",Stockton On Tees,,TS17 7AR,United Kingdom,
Umaa Architecture Ltd,7 Mary Street,Jewellery Quarter,Birmingham,,B3 1UD,United Kingdom,
UN - Global Service Centre (GSC) of the United Nations,c/o Aeropoto Militare “O. Pierozzi”,Piazza Del Vento 1,Brindisi,,72100,Italy,
United Networks Group Limited,"Unit D7, 200 Scotia Road",Tunstall,Stoke-on-Trent,,ST6 4JD,United Kingdom,
Update Engineering Limited,15 Blue Lion Place,Bermondsey Street,London,,SE1 4PU,United Kingdom,
Utility Safety Solutions Ltd,O/S Dauntless Boatyard,"Canvey Road, Canvey Island",Essex,,SS8 OQT,United Kingdom,
UYR Ltd,15 Langthwaithe Road,South Kirkby,Pontefract,,WF9 3AP,United Kingdom,
Valent Applications Ltd,Quality House,"Unit 4, Spring Lane Industrial Estate",Willenhall,,WV12 4HL,United Kingdom,
Vanax Limited,110 Blochairn Road,,Glasgow,,G21 2EG,United Kingdom,
Vantage Products Ltd,The Die-Pat Centre,Broad March,Daventry,,NN11 4HE,United Kingdom,
Velocetec Ltd,E1 Voyager Park,Portfield Road,Portsmouth,,PO3 5FL,United Kingdom,
Venture Caravans Limited,Toll House,A5 Watling Street,Watford Gap,,NN6 7UJ,United Kingdom,
Verco Office Furniture Ltd,Chapel Lane,Sands,High Wycombe,Buckinghamshire,HP12 4BG,United Kingdom,
Voice Mail Ltd,18 Village Way East,,Harrow,,HA2 7LU,United Kingdom,
Vokins Construction & Sons Ltd,"Diamond Cottage, Benham Park","Marsh Benham, Newbury",Berkshire,,RG20 8LX,United Kingdom,
Vosseler (UK) Limited,30-34 North Street,,Hailsham,,BN27 1DW,United Kingdom,
VRAI,"3rd Floor 1-2 Exchange Street Upper,",Temple Bar,Dublin 8,,D08 XW7D,Ireland,
W Cawthorne & Son Ltd,Corporation Street,,Nuneaton,,CV11 5AG,United Kingdom,
W1 Services Ltd T/A CRONOS Fire Stopping,33 Meadowbrook Close,,Colnbrook,Slough,SL3 0PA,United Kingdom,
"Warrens Office Ltd incorp 5staroffice.net, myworkspace.store and theofficesuppliessupermarket.com","Unit 1, Moorside Point",Moorside Road,Winchester,Hampshire,SO23 7RX,United Kingdom,
WCS Group,"17 Wheatstone Court,","Davy Way,, Waterwells Business Park,",Quedgeley,,GL2 2AQ,United Kingdom,
We Care 4 Air Limited,"Units 4, 5 & 6 Parklands Business Centre",Stortford Road,Leaden Roding,,CM6 1GF,United Kingdom,
Webmart Ltd,Media Innovation Centre,13-15 Wedgwood Road,Bicester,Oxfordshire,OX26 4UL,United Kingdom,
Western Logistics Ltd,Unit 7 Mill Batch Farm Business Park,East Brent,Highbridge,Somerset,TA9 4JN,United Kingdom,
Westville Limited,"Unit 2, New Brook Business Park",Weightbridge Road,Shirebrook,Derbyshire,NG20 8GB,United Kingdom,
Whichrate Consulting Ltd,The Manor House,High Street,Uttoxeter,Staffordshire,ST14 7JQ,United Kingdom,
Whiteflare UK Ltd,"Suite 1, Bowman House Business Centre,","Bowman Court, Whitehill Lane, Royal Wootton Bassett",Wiltshire,,SN4 7DB,United Kingdom,
Whitemeadow Furniture Limited,"Orchard Way, Calladine Business Park",Sutton in Ashfield,Nottingham,,NG17 1JU,United Kingdom,
Whitetree Group Ltd & Whitetree Resourcing Ltd,One New Street,Wells,Somerset,,BA5 2LA,United Kingdom,
Whiting Landscape Ltd,Wildmoor Lane,Catshill,Bromsgrove,Worcestershire,B61 0RJ,United Kingdom,
WI International Ltd T/A Hospitality Projects,"Unit 1, 2 & 3 Tavis House, Haddenham Business Park","Pegasus Way, Haddenham",Aylesbury,,HP17 8ZD,United Kingdom,
Wilby Tree Surgeons Ltd,Tower Field Farm,Sywell Lane,Ecton,Northamptonshire,NN6 0QT,United Kingdom,
Wilcomatic Ltd T/A Wilcomatic Wash Systems,"Unit 5, Commerce Park","19 Commerce Way, Croydon",Surrey,,CR0 4YL,United Kingdom,
Windows and Doors 2 You Limited,Unit 27,Hortonwood 33,Telford,Shropshire,TF1 7EX,United Kingdom,
Winns Security Services t/a Winns Services Ltd,Suite 2 Elgor House,666-686 London Road,Westcliff-on-Sea,,SS0 9HQ,United Kingdom,
WMH Transmissions Ltd,2 Centurion Way,"Centurion Park, Tamworth",Staffordshire,,B77 5PN,United Kingdom,
Wodehouse Limited,159 Ivyhouse Lane,"Coseley, Bilston",Wolverhampton,West Midlands,WV14 9LA,United Kingdom,
Woodlands Site Services Ltd,Unit 20 Optima Park,Thomas Road,Crayford,Kent,DA1 4QX,United Kingdom,
Wren Kitchens Limited incorporating Wren Contract Kitchens,The Nest,Falkland Way,Barton-upon-Humber,,DN18 5RL,United Kingdom,
Wrights Plastics Limited,Brandon Way,,West Bromwich,West Midlands,B70 8JH,United Kingdom,
Wyre Marine Services Limited,19 Lancaster Gate,,Fleetwood,Lancashire,FY7 8AW,United Kingdom,
X-Hire Limited,"4th Floor, Centenary House","Centenary Way, Salford",Manchester,,M50 1RF,United Kingdom,
Xander Doors Limited,Unit 13,"Tofts Farm Industrial Estate East, Brenda Road",Hartlepool,,TS25 2BS,United Kingdom,
Zenit Construction Ltd,Unit 1,Block B Kelburn Business Park,Port Glasgow,,PA14 6BL,United Kingdom,
Zenith Developments Group Limited,St Faiths Church,"Dunswell Lane, Dunswell",Hull,,HU6 0AG,United Kingdom,
Zenith Textiles Limited,"Unit 11A, Europa Trading Estate",Fraser Road,Erith,Kent,DA8 1QL,United Kingdom,
Zeus Media Ltd,2 Great Barr Business Park,Baltimore Road,Birmingham,,B42 1DY,United Kingdom,
