name,addressBuilding,addressStreet,addressStreet2,addressCity,addressStateProvince,addressPostCode,addressCountry
Alliance Wine Limited,Alliance Wine Limited,"Unit 2 Elm Court, Royal Oak Yard, ","Bermondsey Street,",London,,SE1 3T,United Kingdom
Alliance Wine Limited,Alliance Wine Limited,"Maison D'alliance, 1870 Avenue ",Julien Panchot,Perpignan,,66000,France
Angloco Ltd ,Angloco Ltd ,Union Mills Unit 3,Off Alexandra Road,Batley,,WF17 6JA,United Kingdom
Angloco Ltd ,Angloco Ltd ,Union Mills Unit ,Off Alexandra Road,Batley,,WF17 6JA,United Kingdom
Angloco Ltd ,Service Department,Unit 7b Grange Road Industrial Estate,,Batley,,WF17 6LH,United Kingdom
Angloco Ltd ,Used Vehicle Sales Department,Unit 8D & 8E  Grange Road Industrial Estate,,Batley,,WF17 6LL,United Kingdom
Angloco Ltd ,Malvern Regional Workshops,Unit 6 & 8 The Park,Spring Lane South,Malvern,Worcester,WR14 1AT,United Kingdom
APC Overnight,Sortation Centre,Warstone Road,Essington,Wolverhampton,,WV11 2RZ,United Kingdom
DX (Group),"Northampton Secure Bureau, ","1 Kyoto Close,",,Northampton,,NN3 6FL,United Kingdom
James Donaldson Group Carbon,"Donaldson Timber Engineering, Central Way House",Central Way House,Walworth Industrial Estate,Andover,Hampshire,SP10 5AN,United Kingdom
James Donaldson Group Carbon,"Donaldson Timber Engineering, Aberhill",Wellesley Road,Methil,Leven,Fife,KY8 3AB,United Kingdom
James Donaldson Group Carbon,"Donaldson Timber Engineering, Brunswick Road",Cobbs Industrial Estate,,Ashford,Kent,TN23 1ED,United Kingdom
James Donaldson Group Carbon,"Donaldson Timber Engineering, Muiredge ",Muiredge Industrial Estate,,Buckhaven,Fife,KY8 1LJ,United Kingdom
James Donaldson Group Carbon,"Donaldson Timber Engineering, Green End ",Green End Industrial Estate,Gamlingay,Sandy,Bedfordshire,SG19 3LF,United Kingdom
James Donaldson Group Carbon,"Donaldson Timber Engineering, Moorland Way",Unit 76/6 Moorland Way,Nelson Park,Cramlington,Northumberland,NE23 1WE,United Kingdom
James Donaldson Group Carbon,"Donaldson Timber Engineering, Hallam Fields",Hallam Fields Road,,Ilkeson,Derby,DE7 4AZ,United Kingdom
James Donaldson Group Carbon,"Donaldson Timber Engineering, Airfield Industrial Estate",Airfield Industrial Estate,Bicester Road,Enstone,Oxon,OX7 4NP,United Kingdom
James Donaldson Group Carbon,"Donaldson Timber Engineering, Lockside",Lockside,Thelwall Lane,Latchford,Warrington,WA4 1PD,United Kingdom
James Donaldson Group Carbon,James Donaldson Timber Insulation Calder Street,Calder Street,,Coatbridge,,ML5 4EY,United Kingdom
James Donaldson Group Carbon,James Donaldson Timber Insulation North East Avenue,North East Avenue,Brinscall,Chorley,Lancashire,PR6 8RR,United Kingdom
James Donaldson Group Carbon,James Donaldson Timber Elm Park ,Elm Park Sawmills,,Leven,Fife,KY8 4PS,United Kingdom
James Donaldson Group Carbon,MGM Timber Paterson Court,Paterson Court,,Broxburn,West Lothian,EH52 5HB,United Kingdom
James Donaldson Group Carbon,MGM Timber Dickson Street,11 Dickson Street,,Dumfermline,Fife,KY12 7SL,United Kingdom
James Donaldson Group Carbon,MGM Timber Eastern Industrial Estate,Eastern Industrial Estate,Newcraighall Road,Edinburgh,,EH15 3HS,United Kingdom
James Donaldson Group Carbon,MGM Timber Bleasdale Court,Units 4 & 5 Bleasdale Court,Clydebank Business Park,Clydebank,Glasgow,G81 2LE,United Kingdom
James Donaldson Group Carbon,MGM Timber Hospital Street,37 Hospital Street,,Dundee,,DD3 8DJ,United Kingdom
James Donaldson Group Carbon,MGM Timber Woodgate Way,24 Woodgate Way South,Eastfield Industrial Estate,Glenrothes,Fife,KY7 4PF,United Kingdom
James Donaldson Group Carbon,MGM Timber Bairds Cresent,12 Brairds Cresent,Allanshaw Industrial Estate,Hamilton,,ML3 9FD,United Kingdom
James Donaldson Group Carbon,MGM Timber Longman Drive,Unit 2 Longman Drive,,Inverness,,IV1 1SU,United Kingdom
James Donaldson Group Carbon,MGM Timber Clark Street,Units 17-21,53 Clark Street,Paisley,,PA3 1QS,United Kingdom
Leeds Commercial Ltd T/A LC Vehicle Hire Carbon,Leeds Commercial Ltd T/A LC Vehicle Hire Tong Street,420 Tong Street,,Bradford,West Yorkshire,BD4 6LP,United Kingdom
Leeds Commercial Ltd T/A LC Vehicle Hire Carbon,Leeds Commercial Ltd T/A LC Vehicle Hire Barrow Road,Barrow Road,Platts Common Industrial Estate,Hoyland,Barnsley,S74 9TH,United Kingdom
Leeds Commercial Ltd T/A LC Vehicle Hire Carbon,Leeds Commercial Ltd T/A LC Vehicle Hire Kansas Avenue,Kansas Avenue,,Salford,Manchester,M50 2GL,United Kingdom
Leeds Commercial Ltd T/A LC Vehicle Hire Carbon,Leeds Commercial Ltd T/A LC Vehicle Hire Burcott Road,113 Burcott Road,Severnside Trading Estate,Avonmouth,Bristol,BS11 8AF,United Kingdom
Leeds Commercial Ltd T/A LC Vehicle Hire Carbon,Leeds Commercial Ltd T/A LC Vehicle Hire Moor Lane,Moor Lane Trading Estate,Sherburn-in-Elmet,Leeds,,LS25 6ES,United Kingdom
Northwood Hygiene Products Limited Carbon,Northwood Tissue (Chesterfield),Goyt Side Mill,Goytside Road,Chesterfield,,S40 2PH,United Kingdom
Northwood Hygiene Products Limited Carbon,Northwood Tissue (Oldham),Woodstock Business Park,Higginshaw Rpoad,Royton,Oldham,OL2 6HL,United Kingdom
Northwood Hygiene Products Limited Carbon,Northwood Tissue (Lancaster),Lansil Way,,Lancaster,,LA1 3PQ,United Kingdom
Northwood Hygiene Products Limited Carbon,Northwood Tissue (Disley),Waterside,Disley,Hague Bar,Stockport,SK12 2HW,United Kingdom
OSB Group,OSB Group Rochester,137 High Street,,Rochester,Kent,ME2 4TJ,United Kingdom
OSB Group,OSB Group Chatham,250 High Street,,Chatham,Kent,ME4 4AN,United Kingdom
OSB Group,OSB Group Hempstead,Hempstead Valley Shopping Centre,Unit F20,Hempstead,Gillingham,ME7 3PD,United Kingdom
OSB Group,OSB Group Gravesend,1-2 King Street,,Gravesend,Kent,DA12 2EB,United Kingdom
OSB Group,OSB Group Maidstone,5-6 High Street,,Maidstone,Kent,ME14 1HJ,United Kingdom
OSB Group,OSB Group Canterbury,12-13 High Street,,Canterbury,Kent,CT1 2JE,United Kingdom
OSB Group,OSB Group Exchange Court,Exchange Court,Brabourne Avenue,Wolverhampton Business Park,Wolverhampton,WV10 6AU,United Kingdom
OSB Group,OSB Group Charter House,Charter House,Brabourne Avenue,Wolverhampton Business Park,Wolverhampton,WV10 6AU,United Kingdom
OSB Group,OSB Group The Observatory,"The Observatory, Brunel Way",Dock Road,Chatham,Kent,ME4 4AF,United Kingdom
OSB Group,OSB Group Reliance House,Sun Pier,,Chatham,Kent,ME4 4ET,United Kingdom
OSB Group,OSB Group London,90 Whitfield Street,Fitzrovia,London,,W1T 4EZ,United Kingdom
OSB Group,OSB Group Fleet,"Sentinel House, Ancells Business Park",Harvest Crescent,Fleet,Hampshire,GU51 2UZ,United Kingdom
OSB Group,OSB Group Fareham,"Forum 4,",Solent Business Park,Fareham,,PO15 7AD,United Kingdom
Physiological Measurements Ltd Carbon,Physiological Measurement Limited Gravesend,St George's Shopping Centre,,Gravesend,,DA11 0TA,United Kingdom
Reconomy,Reconomy Connect Telford,,,,,,United Kingdom
Reconomy,"Reconomy Connect Waltham Abbey Including Ecovend, Ecotec & Collect My Waste",,,,,,United Kingdom
Reconomy,Reconomy Connect Bristol,,,,,,United Kingdom
Reconomy,Reconomy Connect Newark,,,,,,United Kingdom
Reconomy,AWS Nationwide,,,,,,United Kingdom
Reconomy,Caspak Ltd,,,,,,United Kingdom
Reconomy,Eurokey Recycling Ltd,,,,,,United Kingdom
Reconomy,Webbs Training,,,,,,United Kingdom
Reconomy,Valpak Ltd,,,,,,United Kingdom
Reconomy,Reverse Logistics GMBH,,,,,,United Kingdom
Reconomy,Rebound,,,,,,United Kingdom
Reconomy,Advanced Supply Chain Group Ltd,,,,,,United Kingdom
Reconomy,Ecofficiency Ltd,,,,,,United Kingdom
Reconomy,Combineering Holding A/S Noventiz Group,,,,,,United Kingdom
Southern Cross Packaging Limited,6 Penner Road,Luxor Park,,Havant,,PO9 1QY,United Kingdom
Andrews Sykes Group Plc,"Andrews Sykes Group Plc, West Mains",West Mains Industrial Estate,,Grangemouth,Stirlingshire,FK3 8YE,United Kingdom
Andrews Sykes Group Plc,"Andrews Sykes Group Plc, Pennygillam Way",27C Pennygillam Way,,Cornwall,,PL15 7ED,United Kingdom
Andrews Sykes Group Plc,"Andrews Sykes Group Plc, Severnside Trading Estate",Unit 7 Severnside Trading Estate,St Andrews Road,Avonmouth,Bristol,BS11 9EB,United Kingdom
Andrews Sykes Group Plc,"Andrews Sykes Group Plc, Bogleshole Road",99 Bogleshole Road,Cambuslang,Glasgow,,GL2 7DD,United Kingdom
Andrews Sykes Group Plc,"Andrews Sykes Group Plc, Salters Lane",Salters Lane,Sedgefield,Stockton on Tees,Cleveland,TS21 3EE,United Kingdom
Andrews Sykes Group Plc,"Andrews Sykes Group Plc, Sandy Road Industrial Estate",Sandy Lane Industrial Estate,Sandy Lane,Seaforth,Liverpool,L21 1AF,United Kingdom
Andrews Sykes Group Plc,"Andrews Sykes Group Plc, Featherstall Road",Featherstall Road,,South Oldham,Lancashire,OL9 6HA,United Kingdom
Andrews Sykes Group Plc,"Andrews Sykes Group Plc, Water Vole Way",Unit B3 Water Vole Way,,Doncaster,,DN4 5JP,United Kingdom
Andrews Sykes Group Plc,"Andrews Sykes Group Plc, Manners Avenue",Manners Industrial Estate,,Ilkeson,Derbyshire,DE7 8EF,United Kingdom
Andrews Sykes Group Plc,"Andrews Sykes Group Plc, Peninsula Park Road",Unit 5 Peninsula Park Road,,London ,,SE7 7TZ,United Kingdom
Andrews Sykes Group Plc,"Andrews Sykes Group Plc, St James Business Park",Unit 3 St James Business Park,Henwood Industrial Estate,Ashford,Kent,TN24 8DH,United Kingdom
Andrews Sykes Group Plc,"Andrews Sykes Group Plc, Brookside House",21 Invincible Road,,Farnborough,,GU14 7QU,United Kingdom
Andrews Sykes Group Plc,"Andrews Sykes Group Plc, Maritime Industrial Estate",Maritime Industrial Estate,Factory Lane,Pontypridd,,CF37 1PB,United Kingdom
Andrews Sykes Group Plc,"Andrews Sykes Group Plc, Fairfax Road",3 Fairfax Road,,Heathfield,Newton Abbott,TQ12 6UD,United Kingdom
Andrews Sykes Group Plc,"Andrews Sykes Group Plc, Royce Road",Royce Road,Carr Road Industrial Estate,Peterborough,,PE1 5TW,United Kingdom
Andrews Sykes Group Plc,"Khansaheb Sykes Group LLC, Third Industrial Estate",Third Industrial Street,Industral Area 10,Sharjah,,PO Box 1848,United Arab Emirates
Andrews Sykes Group Plc,"Khansaheb Sykes Company, Abu Dhabi Branch -LLC","Plot 46, Sireef 2 Street",M20,Musaffah,Abu Dhabi,,United Arab Emirates
Andrews Sykes Group Plc,Khansaheb Sykes Dewatering,"Office 2, Khansaheb Investment Building",Umm Ramool,Deria,Dubai,,United Arab Emirates
Andrews Sykes Group Plc,Andrews Air Conditioning & Refrigeration Ltd,Unit 601 Axcees 10 Business Park,,Wednesbury,,WS10 8LQ,United Kingdom
Anglia Ruskin University Higher Education Corporation,Chelmsford Campus,Bishops Hall Lane,,Chelmsford,,CM1 1SQ,United Kingdom
Anglia Ruskin University Higher Education Corporation,Writtle Campus,Lordship Road,Writtle,Chelmsford,,CM1 3RR,United Kingdom
Anglia Ruskin University Higher Education Corporation,Peterborough Campus,Bishop's Road,,Peterborough,,PE1 5BW,United Kingdom
Angloco Ltd,Used Vehicle 8D & 8E & Service Department 7B,"nits 7B, 8D & 8E Grange Road Industrial Estate",,Batley,,WF17 6LL,United Kingdom
Angloco Ltd,Building and manufacture of Fire appliances,"Unit 3, Union Mills,",Alexander Road,Batley,,WF17 6JA,United Kingdom
APC Overnight,"APC Overnight, Sortation Centre",Warstone Road,,Essington,Wolverhampton,"WV11 2RZ, ",United Kingdom
Aquaflow Drainage Services Limited,Aquaflow Drainage Services Limited Manor Road,Unit D 203 Manor Road,,Erith,Kent,DA8 2AA,United Kingdom
Ashton Fire Limited,"Ashton Fire Limited, St John's Lane",5 St John's Lane,,Farringdon,London,EC1M 4BH,United Kingdom
Ashton Fire Limited,"Ashton Fire Limited, Lower Main Street",15 Lower Main Street,Buncrana F93,,Co Donegal,,Ireland
Ashton Fire Limited,"Ashton Fire Limited, Bennetts Hill",18-19 Bennetts Hill,,Birmingham,,B2 5QJ,United Kingdom
Ashton Fire Limited,"Ashton Fire Limited, St James Tower",St James Tower,7 Charlotte Street,Manchester,,M1 4DZ,United Kingdom
"Assent incorporating Assent Building Compliance Ltd, LB Building Control Ltd and Oculus Building Consultancy Ltd",LB Building Control Ltd,Assent Level 4,30 Churchill Place,London,,E14 5RE,United Kingdom
"Assent incorporating Assent Building Compliance Ltd, LB Building Control Ltd and Oculus Building Consultancy Ltd",Oculus Building Consultancy Ltd,The Old Function Room,Ashley Avenue,Bath,Somerset,BA1 3DS,United Kingdom
Astra Group,Astra First Avenue,"Unit 1, First Avenue,",,Manchester,,M17 1JZ,United Kingdom
Atebol Cyfyngedig,Atebol Cyfyngedig College Road,Yr Egin,College Road,Carmarthen,,SA31 3EG,United Kingdom
Atebol Cyfyngedig,Atebol Cyfyngedig Phoenix House,Phoenix House,8 Cathedral Road,Cardiff,,CF11 9LJ,United Kingdom
Atlantic Pumps Ltd,Atlantic Pumps Prospect House,Unit 21 Prospect House,Colliery Close,Staveley,,S43 3QE,United Kingdom
Baxter Kelly Ltd,Baxter Kelly Warehouse,Douglas House,Tollgate Drive,Tollgate Industrial Estate,Stafford,ST16 3HS,United Kingdom
BBS Brick & Stone Ltd,BBS Southern Office,1 Hill House,Regent Street,Lutterworth,Leicestershire,LE17 4BE,United Kingdom
BBS Brick & Stone Ltd,Distribution Yard,110 Sandyhill Lane,,Ipswich,,IP3 0JA,United Kingdom
Bellway Homes Limited,Durham,"Alexander House, 1 Mandarin Road",Rainton Bridge Business Park,Houghton le Spring,Sunderland,DH4 5RA,United Kingdom
Bellway Homes Limited,East Midlands,"o 3 Romulus Court, Meridian East",Meridian Business Park,Braunstone Town,Leicester,LE19 1YG,United Kingdom
Bellway Homes Limited,Eastern Counties,Builing 2030,Cambourne Business Park,Cambridge,,CB23 6DW,United Kingdom
Bellway Homes Limited,Essex,"Bellway House, 1 Cunard Square",Townfield Street,Chelmsford,Essex,CM1 1AQ,United Kingdom
Bellway Homes Limited,Kent,30 Tower View,Kings Hill,West Malling,Kent,ME19 4UY,United Kingdom
Bellway Homes Limited,Manchester,"1st Floor, 304 Bridgewood Park",Birchwood Park,Warrington,Cheshire,WA3 6XG,United Kingdom
Bellway Homes Limited,North East,"Bellway House, Kings Park","Kingsway North, Team Valley",Gateshead,Tyne and Wear,NE11 0JH,United Kingdom
Bellway Homes Limited,Northern Home Counties,"Building 5, Caldecotte Lake Drive",Caldecotte,Milton Keynes,,MK7 8LE,United Kingdom
Bellway Homes Limited,North London,"Bellway House, Bury Street",,Ruislip,Middlesex,HA4 7SD,United Kingdom
Bellway Homes Limited,North West,Bellway House,2 Alderman House,Liverpool,,L24 9LR,United Kingdom
Bellway Homes Limited,Scotland East,"Bellway House	,
Six Almondvale Business Park,",Almondvale Park,Livingstone,West Lothian,EH24 6GA,United Kingdom
Bellway Homes Limited,Scotland West,"Bothwell House, Hamilton Business Park",Caird Street,Hamilton,,ML3 0QA,United Kingdom
Bellway Homes Limited,South London,"1st Floor, Regent House",1-3 Queensway,Redhill,,RH1 1QT,United Kingdom
Bellway Homes Limited,South West,"1st Floor, 2540 The Quadrant",Aztec West,Bristol,,BS32 4AQ,United Kingdom
Bellway Homes Limited,Thames Gateway,"Bellway House, Anchor Boulevard",Crossways Business Park,Dartford,Kent,DA2 6QH,United Kingdom
Bellway Homes Limited,Thames Valley,Imperium,Imerium Way,Reading,,RG2 0TD,United Kingdom
Bellway Homes Limited,Wales,Building One,Eastern Business Park,St Mellons,Cardiff,CF3 5EA,United Kingdom
Bellway Homes Limited,Wessex,"Bellway House, Embankment Way",Castleman Business Centre,Ringwood,Hampshire,BH24 1EU,United Kingdom
Bellway Homes Limited,West Midlands,1 Centurion Court,Centurion Way,Wilnecote,Tamworth,B77 5PN,United Kingdom
Bellway Homes Limited,Yorkshire,First Floor,2150 Century Way,Leeds,,LS15 8ZB,United Kingdom
Black Cat Building Consultancy Ltd,"St Brandon's House,","27-29 Great George Street,",,"Bristol,",,BS1 5QT,United Kingdom
Black Cat Building Consultancy Ltd,"Woolyard,","52-56 Bermondsey Street,",,"London,",,SE1 3UD,United Kingdom
Black Cat Building Consultancy Ltd,"Somerset House,","37 Temple Street,",,"Birmingham,",,B2 5DP,United Kingdom
Black Cat Building Consultancy Ltd,"White Building,","Cumberland Place,",,"Southampton,",,SO15 2NP,United Kingdom
Black Cat Building Consultancy Ltd,"The Plaza,","100 Old Hall Street,",,"Liverpool,",,L3 9QJ,United Kingdom
Border Archaeology Ltd,"Unit 4, Twizel Close,","Stonebridge,",,"Milton Keynes,",,MK13 0DX,United Kingdom
Boss Design Limited (Boss Design Group),"Boss Drive,",,,"Dudley,",,DY2 8SZ,United Kingdom
Bristol Fluid System Technologies Ltd T/A Swagelok Central,"205 Cavendish Place,","Birchwood Park,","Birchwood,","Risley,","Warrington,","WA3 6WU,",United Kingdom
Brogi Scatolificio Srl,"Via Maremmana 191,",Loc. La Stella,,Vinci,"(FI),",50059,Italy
Brugnotto Srl,Via Delle Industrie 3/4,,Zenson Di,Piave,"(TV),",31050,Italy
Brugnotto Srl,Via Delle Industrie 9,,Zenson Di,Piave,"(TV),",31050,Italy
Brugnotto Srl,Via Delle' Artigia Nato,46/47/49,Fossalta Di,Piave,(VE),30020,Italy
Buzzoni Srl,(A) Via Nazionale 276,,,Bosaro,(RO),45033,Italy
Buzzoni Srl,(B) Via Torelli 23,,,Bosaro,(RO),45033,Italy
Buzzoni Srl,(A) Via Nazionale 368,,,Bosaro,(RO),45033,Italy
Cartiere Saci S.p.A. srl,PM3 SRL:,"Via Provinciale 45,",Carmignano Di,Brenta,(PD),35010,Italy
CBL Supplies Ltd,"CBL Supplies Ltd, Coleshill","Unit 4 Coleshill Trade Park,","Station Road,","Coleshill,",,B46 1AT,United Kingdom
Central Doorset Manufacturing Ltd,"Central Doorset Manufacturing Ltd, Polmont","Haypark Business Centre,","Marchmont Avenue,","Polmont,",Falkirk,FK2 0NZ,United Kingdom
CF Services,"Unit 8 & 9 , Muirhead,","Mitchelson Industrial Estate,","Kirkcaldy,",,Fife,KY1 3PB,United Kingdom
Christchurch Timber & Trading Ltd,"Christchurch Timber & Trading Ltd, Stony Lane","Stony Lane,",,"Christchurch,","Dorset,",BH23 1HD,United Kingdom
Climavent Systems Ltd,"Climavent Systems Ltd, Wigan","Unit 1 Park Industrial Estate, Liverpool Road","Ashton in Makerfield,","Wigan,","Lancashire,",WN4 0YU,United Kingdom
Coventry University,"London Campus,","University House,","109-117 Middlesex Street,","London,",,E1 7JF,United Kingdom
Coventry University,"Ashburn Road,","Off Valley Road,",,"Scarborough,",,YO11 2JW,United Kingdom
Coventry University,"Rainham Road North,","Rainham Road North,",,"Dagenham,",,RM10 7BN,United Kingdom
Coventry University,Mitre Passage,"6 Mitre Passage,",,"Greenwich,",,SE10 0ER,United Kingdom
Coventry University,"The Institute for Advanced Manufacturing and Engineering,","The Institute for Advanced Manufacturing and Engineering,","Beresford Avenue,","Coventry,",,CV6 5LZ,United Kingdom
Coventry University,"Coventry University,","Ryton Gardens,","Ryton on Dunsmore,","Coventry,",,CV8 3LG,United Kingdom
"Cross Rental Limited trading as Cross Rental Services (Inclusive of All Seasons Hire, Acclimatise and Hire Heat)",Scotland Depot:,"3 Bairds Crescent,","Allanshaw Industrial Estate,","Hamiliton,",,ML3 9FD,United Kingdom
"Cross Rental Limited trading as Cross Rental Services (Inclusive of All Seasons Hire, Acclimatise and Hire Heat)",Midlands Depot:,"Unit 2 Albion Industrial Estate,","Oldbury Road,","West Bromwich,",,B70 9BP,United Kingdom
"Cross Rental Limited trading as Cross Rental Services (Inclusive of All Seasons Hire, Acclimatise and Hire Heat)",North West Depot:,"Unit H2 Haydock Cross Industrial Estate,","Kilbuck Lane,","Haydock,",,WA11 9UX,United Kingdom
"Cross Rental Limited trading as Cross Rental Services (Inclusive of All Seasons Hire, Acclimatise and Hire Heat)",London Depot:,"Buckland Road,",,"Rochester,",,ME3 7HY,United Kingdom
"Cross Rental Limited trading as Cross Rental Services (Inclusive of All Seasons Hire, Acclimatise and Hire Heat)",Event Depot:,"Dennis Viollet Avenue,","Trentham Lakes,","Stoke on Trent,",,ST4 4TN,United Kingdom
Cubiquity Limited,Cubiquity Limited Salop Street,"Office 326, Floor 3,","84 Salop Street,","Wolverhampton,","West Midlands,",WV3 0SR,United Kingdom
Dams Furniture Ltd,"Dams Furniture Ltd, Charley Wood","Charley Wood Road,","Knowsley Industrial Park,","Knowsley,","Liverpool,",L33 7SG,United Kingdom
DB Cargo UK Limited,"DB Cargo Maintenance Limited,","Whieldon Road,","Fenton,","Stoke on Trent,",,ST4 4HP,United Kingdom
DB Cargo UK Limited,"DB Cargo (UK) Limited, Crewe IEMD,","Wistaston Road,",,"Crewe,",,CW2 7RL,United Kingdom
DB Cargo UK Limited,"DB Cargo (UK) Limited, Toton TMD,","Toton Sidings,","Station Road,","Stapleford,",,NG10 1HA,United Kingdom
DB Cargo UK Limited,"DB Cargo (UK) Limited, Freight Yard,","Mossend Yard,","Holytown Road,",Bellshill,,ML4 1EE,United Kingdom
Deep Contractors Ltd & Deep Steelwork & Architectural Ltd,"Deep Steelworks Ltd,","Unit 4-7 Jowett Way,","Newton Aycliffe,","County Durham,",,DL5 6DS,United Kingdom
DEFRA,"THE ENVIRONMENT AGENCY, Aqua House,",Aqua House,"20 Lionel Street,","Birmingham,","West Midlands,",B3 1AQ,United Kingdom
DEFRA,"THE ENVIRONMENT AGENCY, Foss House,",Foss House,"1-2 Peasholme Green,","Kingspool,","York,",YO1 7PX,United Kingdom
DEFRA,"THE ENVIRONMENT AGENCY, Kings Meadow House",Kings Meadow House,Kings Meadow Road,Reading,,RG1 8DQ,United Kingdom
DEFRA,"THE ENVIRONMENT AGENCY, Manley House",Kestrel Way,,Exeter,,EX2 7LQ,United Kingdom
Dudley College,THE BROADWAY,THE BROADWAY,,DUDLEY,,DY1 4AS,United Kingdom
Dudley College,"DUDLEY CONSTRUCTION APPRENTICESHIP,","DUDLEY CONSTRUCTION APPRENTICESHIP,","TRAINING CENTRE CAT, UNIT 5 THE WATERFRONT,","BRIERLEY HILL,",,DY5 1LX,United Kingdom
Dudley College,"INSPIRED,","INSPIRED,","VENTURE WAY,","BRIERLEY HILL,",,DY5 1RG,United Kingdom
Dudley College,"BLACK COUNTRY & MARCHES INSTITUTE OF TECHNOLOGY,","BLACK COUNTRY & MARCHES INSTITUTE OF TECHNOLOGY,","ZOOLOGICAL DRIVE,","DUDLEY,",,DY1 4AL,United Kingdom
Dudley College,"DUDLEY ASPIRE I AND II,","DUDLEY ASPIRE I AND II,","THE BROADWAY,","DUDLEY,",,DY1 4AS,United Kingdom
Dudley College,"DUDLEY EVOLVE,","DUDLEY EVOLVE,","TOWER STREET,","DUDLEY,",,DY1 1AF,United Kingdom
Dudley College,"DUDLEY ADVANCE (ONE),","DUDLEY ADVANCE (ONE),","PRIORY ROAD,","DUDLEY,",,DY1 4AD,United Kingdom
Dudley College,"DUDLEY ADVANCE (TWO),","DUDLEY ADVANCE (TWO),","PRIORY ROAD,","DUDLEY,",,DY1 4AD,United Kingdom
Dudley College,"DUDLEY SIXTH,","DUDLEY SIXTH,","3A EDNAM ROAD,","DUDLEY,",,DY1 1HL,United Kingdom
Dudley College,"DUDLEY ENHANCE,","DUDLEY ENHANCE,","3A EDNAM ROAD,","DUDLEY,",,DY1 1HL,United Kingdom
Dudley College,"DUDLEY MOTOR VEHICLE CENTRE,","DUDLEY MOTOR VEHICLE CENTRE,","WOLVERHAMPTON STREET,","DUDLEY,",,DY1 3AH,United Kingdom
Dudley College,"BLACK COUNTRY SKILLS SHOP,","BLACK COUNTRY SKILLS SHOP,","UNIT L76, MERRY HILL,","BRIERLEY HILL,",,DY5 1SW,United Kingdom
DX (Group) Limited,"Northampton Secure Bureau,","Northampton Secure Bureau,","1 Kyoto Close,","Northampton,",,NN3 6FL,United Kingdom
DX (Group) Limited Carbon,"Northampton Secure Bureau,","Northampton Secure Bureau,","1 Kyoto Close,","Northampton,",,NN3 6FL,United Kingdom
Ecoms Utilities Ltd,Yard:,"Pursley Farm,",London Road,,,WD7 9EN,United Kingdom
EF Corporate Learning,"EF Corporate Education Sarl,","EF Corporate Education Sarl,","5 Avenue de Provence,","Paris,",,75009,France
EF Corporate Learning,EF Corporate Education AB,EF Corporate Education AB,", Strandvägen 13B",Stockholm,,114 87,Sweden
EF Corporate Learning,"EF Corporate Education GmbH,","EF Corporate Education GmbH,","Carl-Theodor-Str. 1,","Düsseldorf,",,40213,Germany
EF Corporate Learning,"Education First Corporate Language Training SA,","Education First Corporate Language Training SA,","c/ Balmes, 155, 2a planta","Barcelona,",,8008,Spain
EF Corporate Learning,EF Corporate Education Inc.,EF Corporate Education Inc.,"2 Education Circle,","Cambridge,",MA,"02141,",USA
EF Corporate Learning,"EF Corporate Education Srl,","EF Corporate Education Srl,","Via Borgogna, 8,",Milano,"MI,",20122,Italy
EF Corporate Learning,"EF Corporate Education B.V,","EF Corporate Education B.V,","De Boelelaan 7,","Amsterdam,",HJ,1083,Netherlands
EF Corporate Learning,Educaçao Especializada e Viagens ext LTDA - SP Av.,Educaçao Especializada e Viagens ext LTDA - SP Av.,"São Gabriel,","201, térreo do Edifício Garden Tower Business Center,","Jardim Paulista,","CEP 01435-001,",Brazil
EF Corporate Learning,"EF Language Learning Solution AG,","EF Language Learning Solution AG,","Selnaustrasse 30,","Zurich,",,8001,Switzerland
EF Corporate Learning,EF Corporate Education,EF Corporate Education,A/S Pilestræde 43 3. tv,"København K,",,1112,Denmark
EF Corporate Learning,EF Corporate Education OY,EF Corporate Education OY,"
Kalevankatu","Helsinki,",,4400180,Finland
EF Corporate Learning,EF Corporate Education K.K.,"EF Corporate Education K.K,
36F Shibuya Sakura Stage SHIBUYA Tower, 1-1,","Sakuragaoka-cho,","Shibuya-ku,","Tokyo,",150-6236,Japan
EF Corporate Learning,EF Corporate Education SA,EF Corporate Education SA,"de CV
Jaime Balmes 8",Mezanine 9 Colonia Los Morales Alcaldía Miguel Hidalgo,,"CP 11510, CDMX,",Mexico
EF Corporate Learning,EF Corporate Education,EF Corporate Education,"FZ-LLC
Injaz Building Floor 1,","Internet City,",Dubai,502988,UAE
Elecosoft UK Ltd,Elecosoft UK Ltd Southampton,"
Room 2, Gamma House,","The University of Southampton Science Park,","Chilworth,","Southampton,",SO16 7NS,United Kingdom
Elecosoft UK Ltd,Elecosoft UK Ltd Market Harborough,"
Eckland Lodge Business Park,","Lincoln Building Office, Desborough Rd,",Market Harborough,,LE16 8HB,
Enviro-Strip GB Limited,"Warwick House,","Warwick House, Watling Street,","Wilnecote,","Tamworth,",Staffordshire,B77 5BH,
"Environmental Protection Strategies Ltd, including EPS (Leeds) Ltd & EPS Geomatics (Bristol) Ltd",EPS (Leeds) Ltd,EPS (Leeds) Ltd,"10-11 East Parade,",Leeds,,"LS1 2BH,",United Kingdom
"Environmental Protection Strategies Ltd, including EPS (Leeds) Ltd & EPS Geomatics (Bristol) Ltd",EPS Geomatics (Bristol) Ltd,EPS Geomatics (Bristol) Ltd,"
Square Works, 17-18 Berkeley Square,","Clifton,","Bristol,","BS8 1HB,",United Kingdom
Euroken Supplies Ltd,Honeypot Business Centre,"Unit 1 Honeypot Business Centre,","Parr Road,","Stanmore,",,HA7 1NL,United Kingdom
Evolve Group TRS Ltd,Evolve Preston Ltd (Training Facility) :,"Okenclough Mill,","Okenclough,","Preston,",,PR3 1TB,United Kingdom
Evtec Aluminium Ltd,Evtec Aluminium Ltd Old Forge,"The Old Forge,","Stourport Road,","Kidderminster,",,DY11 7QE,United Kingdom
Facilities and Corporate Solutions Limited (T/A FCS Laser Mail and Perspektiv),Facilities and Corporate Solutions Limited (T/A FCS Laser Mail and Perspektiv) Langham Park,"10 Langham Park Industrial Estate, Lows Lane,","Stanton-By-Dale,","Ilkeston,","Derbyshire,",DE7 4RJ,United Kingdom
FHPP Ltd,FHPP Ltd London,"4 More London Riverside,",,"London,",,SE1 2AU,United Kingdom
FHPP Ltd,FHPP Ltd Leeds,"1A Brewery Place,","Brewery Wharf,","Leeds,","W Yorkshire,",LS10 1NE,United Kingdom
Forza Doors Ltd,Forza Doors Ltd Unit 1A-1B,"Unit 1A - 1B Star Road,","Partridge Green,","Horsham,",,RH13 8RA,United Kingdom
Forza Doors Ltd,Forza Doors Ltd Unit 22,"Unit 22 Star Road,","Partridge Green,","Horsham,",,RH13 8RA,United Kingdom
Futureserv Ltd,West Tower,"West Tower,","Brook Street,","Liverpool,",,L3 9PJ,United Kingdom
Futureserv Ltd,Ambler House,"Ambler House,","Trevelyan Square,","Leeds,",,LS1 6ED,United Kingdom
Galton Bridge Holdings Ltd Inc Conveyor Units Ltd and Bridge Bearings Ltd,Bromley Street,"Bromley Street,","Lye,","Stourbridge,",West Midlands,"DY9 8PT,",United Kingdom
GDL Air Systems Ltd,Holbrook,"Unit 16 Holbrook Enterprise Park,","Enterprise Way,","Sheffield,",,S20 3GH,
Gierredue Arredamenti Srl,Localita il Pianpo snc,"Località il Piano snc,",,Casole d’Elsa Zona Industriale,(SI),53031,Italy
Givenergy Ltd,Broach Hill,"Broach Hill Garage,","Beverley Road,","Cranswick,","Driffield,","
YO25 9PQ",United Kingdom
Greenford Ltd,Lady Lane,"Lady Lane Marina,","Lady Lane,","Earlswood,","Solihull,",B94 6AH,United Kingdom
Haigh Rail Ltd,The Old Dairy,"The Old Dairy,","Tranmoor Lane,","Armthorpe,","Doncaster,",DN3 3BS,United Kingdom
Haigh Rail Ltd,The Courtyard,"Unit 104, The Courtyard,","Radway Green Business Park,","Crewe,",,CW2 5PR,United Kingdom
Hansen Group Limited,Burgh Business Centre,"Unit 11, Burgh Business Centre,","Rutherglen,","Glasgow,",,G73 1JS,United Kingdom
Harlequin Design (London) Ltd,Great Sutton Street,"23/25 Great Sutton Street,",,"London,",,EC1V 0DN,United Kingdom
Hazlin of Ludlow Ltd,Burford,"Unit 1 & 3, Lower Teme Business Park,","Burford,","Tenbury Wells,","Shropshire,",WR15 8HB,United Kingdom
Heartbeat Manufacturing Co. (Redditch) Ltd,Kingsley House,"Kingsley House,","42 Velocity Business Park,","Redditch,",,B98 7FX,United Kingdom
"Herman Miller Ltd, also TA Herman Miller, Herman Miller UK & Herman Miller International",Herman Miller,The Consortium,Hammond Way,Trowbridge,,BA14 8RR,United Kingdom
Holtec Britain Limited,Aztec West,"210 Park Avenue,","Aztec West,","Almondsbury,","Bristol,",BS32 4SY,United Kingdom
Home Appliance Guard Ltd T/A Zest,Bournemouth,"2 Poole Road,",,"Bournemouth,","Dorset,",BH2 5QJ,United Kingdom
"IDP Group TA IDP (Central) Ltd, IDP West Midlands Ltd, IDP Landscape Ltd, IDP Living Ltd, IDP Birmingham Ltd",London,"New Broad Street House,","35 New Broad Street,","London,",,EC2M 1NH,United Kingdom
Industrialpack SRL,SITE (2) -,"Via Alberon 4,",,Castello di Godego,"(TV),",31030,Italy
Industrialpack SRL,SITE (3) –,"Via Terni 280,",,San Carlo di Cesena,"(FC),",47522,Italy
Integrated Doorset Solutions Limited,Mansfield,"Concorde Way,",,"Mansfield,",,NG19 7JZ,United Kingdom
John Horsfall & Sons Ltd Incorporating Interweave Textiles Ltd,Interweave Textiles Ltd,"Interweave Textiles Ltd,","Interweave House, Unit 1A, Old Power Way,","Elland, Halifax","West Yorkshire,",HX5 9DE,United Kingdom
John Horsfall & Sons Ltd Incorporating Interweave Textiles Ltd,Victoria Works,"Victoria Works,","Whitwell Green Lane,","Elland,","West Yorkshire,",HX5 9BJ,United Kingdom
John Horsfall & Sons Ltd Incorporating Interweave Textiles Ltd,Malmo Food Park,"Unit 10, Malmo Food Park",Malmo Road,Hull,,HU7 0YF,United Kingdom
John Kilby & Son Limited TA Kilby Packaging,Hill Farm,"Unit 15, Hill Farm Industrial Estate,","Irthlingborough Road,","Little Addington,","Kettering,",NN14 4AS,United Kingdom
Jordhan Industries Limited,Unit 6,"Unit 6, Merryhills Enterprise Park,","
Park Lane","Wolverhampton,",,WV10 9TJ,United Kingdom
Kaleidoscope Project (Powys Adult Substance Mis-Use Service),The Old Bank,"The Old Bank,","2 Severn Street,","Welshpool,",,SY21 7AB,United Kingdom
Kaleidoscope Project (Powys Adult Substance Mis-Use Service),Old Grosvenor Bakery,"Old Grosvenor Bakery,","Wellington Road,","Llandrindod,",,LD1 5NF,United Kingdom
Kaleidoscope Project (Powys Adult Substance Mis-Use Service),Castle Street,"9 Castle Street,",,"Brecon,",,LD3 9DD,United Kingdom
Kitall Ltd,JDL Consultants Ltd ,"JDL Consultants Ltd - 27A Osprey Court,","Hawkfield Way,","Hawkfield Business Park,","Bristol,","BS14 0BB,",United Kingdom
Komfort Partitioning Ltd,Site 2,"Site 2 - Crawley Distribution,","Units 3 & 4 Gatwick Distribution Centre,","Whittle Way,","Crawley,",RH10 9RT,United Kingdom
Komfort Partitioning Ltd,Site 3,"
site 3 - Leeds Sale Office,","Unit 1 Latchmore Road,","Leeds,",,LS12 6DN,United Kingdom
"KP Acoustics Group Ltd, including: KP Acoustics Ltd, KP Monitoring Ltd and KP Acoustics Research Labs Ltd",Oregon House,"Oregon House,","Brunel Road,","Southampton,",,SO40 3WX,United Kingdom
"LabMedExpert Ltd (LabMedExpert Diagnostic Ltd, LabMedExpert Clinic Ltd, and LabMedExpert Biomedical",London,"London Innovation Centre,","20 Water Street,","London,",,E14 5GX	,United Kingdom
Lathams Ltd,"James Lathams Hemel Hempstead,","Unit 3 Swallow Park,","Finway Road,","Hemel Hempstead Industrial Estate,","Hemel Hempstead,",HP2 7QU,United Kingdom
Lathams Ltd,"James Latham Gateshead,","Nest Road,","Felling Industrial Estate,","Gateshead,","Tyne & Wear,","NE10 0LU,",United Kingdom
Lathams Ltd,"James Latham Dudley,","3 Yorks Park,","Blower's Green Road,","Dudley,",,DY2 8UL,United Kingdom
Lathams Ltd,"James Latham Fareham,","Unit 6 Matrix Park,","Talbot Road,","Fareham,",,PO15 5AP,United Kingdom
Lathams Ltd,"James Latham Leeds,","Top Cliffe Close,","off Top Cliffe Land,","Capital Park East, Tingley",Leeds,WF3 1DR,United Kingdom
Lathams Ltd,"James Latham Leicester,","Unit A, Devana Avenue,","Optimus Point,",,"Glenfield,",LE3 8JS,United Kingdom
Lathams Ltd,"James Latham Purfleet,","Unit 22/24 Purfleet Industrial Park,","Juliette Way,","Aveley, South Ockendon,","Essex,",RM15 4YD,United Kingdom
Lathams Ltd,"James Latham Scotland,","Pharos,","Brittain Way,","Eurocentral,","Lanarkshire,",ML1 4XJ,United Kingdom
Lathams Ltd,"James Latham Thurrock,","Unit 4,","Dolphin Way,","Purfleet,","Essex,",RM19 1NZ,United Kingdom
Lathams Ltd,"James Latham Yate,","Unit 14, Apollo Park,","Armstrong Way,",,"Bristol,",BS37 5AH,United Kingdom
Lathams Ltd,LDT,"5b The Old Yard,","Rectory Lane,","Brasted,","Kent,",TN16 1JP,United Kingdom
Lathams Ltd,"James Lathan Dublin,","Unit 143 Grange Drive,","Baldoyle Industrial Estate,",,"Dublin 13,",D13 W9VZ,Ireland
Lathams Ltd,"LDT Ireland,","Balbriggan Road,","Naul,",,"Dublin,","K32 HH66,",Ireland
Lathams Ltd,"Latham Timber Manufacturing,","Station Yard Sawmills,","Wood Street,",,"Rochdale,",OL16 5QN,United Kingdom
Lawcris Panel Products Ltd,Lawcris Panel Products Ltd Cross Green Drive,"Cross Green Drive,",,,"Leeds,",LS9 0NU,United Kingdom
Lawcris Panel Products Ltd ,Lawcris Panel Products Ltd Green Cross Way,"Unit B, Cross","Green Way,",,"Leeds,",LS9 0SE,United Kingdom
Lawray Ltd,"Lawray Ltd, The Byre,","The Byre,","Croesnewydd Hall,",,"Wrexham,",LL13 7YP,United Kingdom
Lawray Ltd,"Lawray Ltd, China Works, ","China Works,","Black Prince Road,",,"London,",SE1 7SJ,United Kingdom
Leeds Commercial Ltd T/A LC Vehicle Hire,Leeds Commercial Ltd T/A LC Vehicle Hire Barrow Road,"BARROW ROAD,","PLATTS COMMON INDUSTRIAL ESTATE,","HOYLAND,",BARNSLEY,S74 9TH,United Kingdom
Leeds Commercial Ltd T/A LC Vehicle Hire,Leeds Commercial Ltd T/A LC Vehicle Hire Kansas Avenue,"KANSAS AVENUE,","SALFORD,",,"MANCHESTER,",M50 2GL,United Kingdom
Leeds Commercial Ltd T/A LC Vehicle Hire,Leeds Commercial Ltd T/A LC Vehicle Hire Burcott Road,"113 BURCOTT ROAD,","SEVERNSIDE TRADING ESTATE,","AVONMOUTH,","BRISTOL,",BS11 8AF,United Kingdom
Leeds Commercial Ltd T/A LC Vehicle Hire,Leeds Commercial Ltd T/A LC Vehicle Hire Moor Lane,"Moor Lane Trading Estate,","Sherburn-in-Elmet,",,Leeds,LS25 6ES,United Kingdom
Loughborough University,"Loughborough University London, ","Loughborough University London,","3 Lesney Avenue,","The Broadcast Centre,",London,E15 2GZ,United Kingdom
Master Profili Srl,Master Profili Via Antonio Meucci ,Via Antonio Meucci 17-19-21,Meduna,di Livenza,"TV,",31040,Italy
Master Profili Srl,Master Profili Via Delle Industrie,"Via Delle Industrie 24,",,Fontanelle,"(TV),",31043,Italy
NALBANTOĞLU METAL SAN. VE TİC. LTD. ŞTİ.,NALBANTOĞLU METAL Edirne Organize,Edirne Organize,"
Sanayi Bölgesi",1.Cad. No:15,Süloğlu/EDİRNE,,Turkiye
Newcastle City Council,Newcastle City Council Condercum Road,Condercum Road,,Newcastle,,NE4 8XN,United Kingdom
Newcastle City Council,Newcastle City Council Sandhills,Sandhills Composting Site,Walbottle Road,Newcastle,,NE15 9RU,United Kingdom
Newcastle City Council,Newcastle City Council Benton Park  Road,Benton Park Road,,Newcastle,,NE7 7LX,United Kingdom
Newcastle City Council,Newcastle City Council Wincombee Road,Unit 6 Wincombee Road,,Newcastle,,NE6 3PF,United Kingdom
Newcastle City Council,Newcastle City Council Civic Centre,Civic Centre,Barras Bridge,Newcastle,,NE1 8QH,United Kingdom
North East Truck and Van Limited,North East Truck and Van Limited Chainbridge Road,"Chainbridge Road,","Blaydon,","Tyne & Wear,",,"NE21 5ST,",United Kingdom
North East Truck and Van Limited,North East Truck and Van Limited Parkhill Road,"49 Parkhill Road ,","Kingstown Industrial Estate,","Carlisle,",,CA3 0EX,United Kingdom
North East Truck and Van Limited,North East Truck and Van Limited Littlefair Road,"Littlefair Road,",,"Hull,",,HU9 5LP,United Kingdom
North East Truck and Van Limited,North East Truck and Van Limited Manby Road,"Manby Road ,",,"Immingham ,",,DN40 2LJ,United Kingdom
North East Truck and Van Limited,North East Truck and Van Limited Westminster Road,"Westminster Road,","Westminster Industrial Estate,","Lincoln,",,LN6 3QY,United Kingdom
North East Truck and Van Limited,North East Truck and Van Limited Auster Road,Auster Road,Clifton Industrial Estate,York,,YO30 4XD,United Kingdom
Nottingham Trent University,"Clifton Campus,","Clifton Campus,","Clifton Lane,","Nottingham,",,NG11 8NS,United Kingdom
Nottingham Trent University,Brackenhurst Campus,"Brackenhurst Campus,",,"Southwell,","Nottinghamshire,",NG25 0QF,United Kingdom
Nottingham Trent University,Confetti Campus,"Confetti Campus,",,"Nottingham,",,NG1 3LL,United Kingdom
Nottingham Trent University,Mansfield Hub,"Mansfield Hub,","Derby Road,","Mansfield,",,NG18 5BH,United Kingdom
Ocean Ecology Limited,"Ocean Ecology Limited, Plymouth","Plymouth Science Park,",,"Plymouth,","Devon,",PL6 8BX,United Kingdom
Ocean Ecology Limited,"Ocean Ecology Limited, Oban","European Marine Science Park,","Malin House,","Dunbeg,","Oban,",PA37 1SZ,United Kingdom
Ocean Ecology Limited,"Ocean Ecology Limited, Ivybridge","Unit 8 Strashleigh View,","Lee Mill Industrial Estate,",,"Ivybridge,",PL21 9GS,United Kingdom
Ocee International Ltd,"Race Furniture Limited,","Bourton Industrial Park,",,"Bourton-On-The-Water,","Gloucestershire,",GL54 2HQ,United Kingdom
Ocee International Ltd,"Four Design Denmark ApS,","Hvidkærvej 2C,",,Odense,"SV,",DK-5250,Denmark
Offsite Solutions (RT) Ltd,"Offsite Solutions (RT) Ltd, Commerce Way","Commerce Way,",,"Highbridge,",,TA9 4AQ,United Kingdom
Offsite Solutions (RT) Ltd,"Offsite Solutions (RT) Ltd, Formal House","Units 1 - 5 Formal House,","Oldmixon Crescent,","Weston-Super-mare,",,BS24 9AX,United Kingdom
ORMA ORMAN MAHSÜLLERİ İNTEGRE SAN. ve TİC. A.Ş.,ORMA ORMAN MAHSÜLLERİ İNTEGRE SAN. ve TİC. A.Ş. Sanayi Mahallesi,Sanayi Mahallesi,"
104. Cadde No:91",Merkez,ISPARTA,321000,Turkiye
OSB Group,"OSB Group, Rochester","137 High Street,",,"Rochester,","Kent,",ME2 4TJ,United Kingdom
OSB Group,"OSB Group, Chatham","250 High Street,",,"Chatham,","Kent,",ME4 4AN,United Kingdom
OSB Group,"OSB Group, Hempstead","Hempstead Valley Shopping Centre ,","Unit F20,","Hempstead,","Gillingham,",ME7 3PD,United Kingdom
OSB Group,"OSB Group, Gravesend","1-2 King Street,",,"Gravesend,","Kent,",DA12 2EB,United Kingdom
OSB Group,"OSB Group, Maidstone","5-6 High Street,",,"Maidstone,","Kent,",ME14 1HJ,United Kingdom
OSB Group,"OSB Group, Canterbury","12-13 High Street,",,"Canterbury,","Kent,",CT1 2JE,United Kingdom
OSB Group,"OSB Group, Exchange Court","Exchange Court,","Brabourne Avenue,","Wolverhampton Business Park,","Wolverhampton,",WV10 6AU,United Kingdom
OSB Group,"OSB Group, Charter House","Charter House,","Brabourne Avenue,","Wolverhampton Business Park,","Wolverhampton,",WV10 6AU,United Kingdom
OSB Group,"OSB Group, The Observatory","The Observatory, Brunel Way","Dock Road,","Chatham,","Kent,",ME4 4AF,United Kingdom
OSB Group,"OSB Group, Reliance House","Reliance House,","Sun Pier,","Chatham,","Kent,",ME4 4ET,United Kingdom
OSB Group,"OSB Group, London","90 Whitfield Street,","Fitzrovia,","London,",,W1T 4EZ,United Kingdom
OSB Group,"OSB Group, Fleet","Sentinel House, Ancells Business Park,","Harvest Crescent,","Fleet,","Hampshire,",GU51 2UZ,United Kingdom
OSB Group,"OSB Group, Fareham","Forum 4,","Solent Business Park,","Fareham,",,PO15 7AD,United Kingdom
P & HS Architects Ltd,"P & HS Architects Ltd, Stokesley","The Old Station,",,"Stokesley,",,TS9 7AB,United Kingdom
P & HS Architects Ltd,"P & HS Architects Ltd, Newcastle","Milburn House,","Dean Street,","Newcastle Upon Tyne,",,NE1 1LE,United Kingdom
Pathway First Ltd T/A Pathway Group,Pathway SkillsZone Burslem,"Pathway SkillsZone Burslem,","Duncalf Street,","Burslem,","Stoke-on-Trent,",ST6 3LJ,United Kingdom
Pathway First Ltd T/A Pathway Group,"Pathway SkillsZone Walsall,","Pathway SkillsZone Walsall,","17 Lichfield Street,","Walsall,",,WS1 1TJ,United Kingdom
Pathway First Ltd T/A Pathway Group,"Pathway SkillsZone Nottingham,","Pathway SkillsZone Nottingham,","Business Centre Park Lane,","Nottingham,",,NG6 0DW,United Kingdom
Pathway First Ltd T/A Pathway Group,"Pathway SkillsZone Millenium Point,","Pathway Skillszone Millenium Point,","Curzon Street,","Birmingham,",,B4 7AP,United Kingdom
PetroStrat Ltd,"PetroStrat Ltd, Royal Mews","6 Royal Mews,","Gadbrook Park,","Northwich,",,"CW9 7UD,",United Kingdom
Phoenix Gas Services Limited,"Phoenix Oldbury Office,","Phoenix Oldbury Office,","Unit 12 Percy Business Park,","Rounds Green Road,","Oldbury,",B69 2RD,United Kingdom
Phoenix Gas Services Limited,"Phoenix Renewables,","Phoenix Renewables,","34 Borough Road,","Darlington,",,DL1 1SW,United Kingdom
Physiological Measurements Ltd Carbon,Physiological Measurements Ltd St George's Shopping Centre,"ST GEORGE'S SHOPPING CENTRE,",,"GRAVESEND,",,DA11 0TA,United Kingdom
Platinum Stairlifts Limited Incorporating Platinum Precision Sheet Metal,"Platinum Stairlifts Limited Incorporating Platinum Precision Sheet Metal, Keighley","Foundry Park,","Chesham Street,","Keighley,",,BD21 4NS,"
United Kingdom"
Platinum Stairlifts Limited Incorporating Platinum Precision Sheet Metal,"Platinum Stairlifts Limited Incorporating Platinum Precision Sheet Metal, Bolton","Unit 1, Lynstock Way,",Lostock,Bolton,,"BL6 4SA,",United Kingdom
PLT Training Ltd,PLT Training Showell Road,"Unit 5, Showell Road,",,"Wolverhampton,",,WV10 9LN,United Kingdom
Premier Paper Group Ltd,"Premier Paper Group Ltd, Bristol",Avonside Industiral Estate,,Bristol,,BS2 0UA,United Kingdom
Premier Paper Group Ltd,"Premier Paper Group Ltd, Langley",1 Langley Park,Waterside Drive,Langley,Berkshire,SL3 6EZ,United Kingdom
Premier Paper Group Ltd,"Premier Paper Group Ltd, Coatbridge",1 Monklands Industrial Estate,"Kirkshaws Road,",Coatbridge,,ML5 4RP,United Kingdom
Premier Paper Group Ltd,"Premier Paper Group Ltd, Haydock","Unit 5 Old Boston Trading Estate,","Wilcock Road,",Haydock,,WA11 9SR,United Kingdom
Premier Paper Group Ltd,"Premier Paper Group Ltd, Washington",NEP Business Park,"Patterson Industrial Estate,",Washington,,NE38 8QP,United Kingdom
Premier Paper Group Ltd,"Premier Paper Group Ltd, Southampton","Unit M Griffin Industrial Estate,",,Southampton,Hampshire,SO40 3SH,United Kingdom
Premier Paper Group Ltd,"Premier Paper Group Ltd, St Edmunds","Units B2 & B3 Chase Road,",,Bury St. Edmunds,Suffolk,IP32 6NT,United Kingdom
Premier Paper Group Ltd,"Premier Paper Group Ltd, Donnington",Central House,"Willow Farm Business, Park,","Castle Donnington,",Derby,DE74 2U,United Kingdom
Premier Paper Group Ltd,"Premier Paper Group Ltd, Dartford","Unit 23a Fawkes Avenue,",,Dartford,,DA1 1JQ,United Kingdom
Premier Paper Group Ltd,"Premier Paper Group Ltd, Leeds","Unit 10 Riverside Place,",,Leeds,,LS9 0RQ,United Kingdom
Premier Paper Group Ltd,"Premier Paper Group Ltd, Wellingborough",Unit 3 Bulrush Close,"Finedon,",Wellingborough,,NN8 4FU,United Kingdom
Premier Paper Group Ltd,"Premier Paper Group Ltd, Newton Abbot",Unit 25 Crossfield Trading Estate,"Fairfax Road,",Newton Abbot,Devon,TQ12 6UD,United Kingdom
Premier Paper Group Ltd,Wine Box Company,"Wine Box Company, Sales Office & Show Room,","15 Bessemer Park,","Milkwood Road,","
London,",SE24 0HG,United Kingdom
Prifysgol Bangor University,"Prifysgol Bangor University, Manufacturing Research Workshop","Manufacturing Research Workshop, Biocomposites,","Units 10–12, Mona Industrial Park,","Gwalchmai,","Isle of Anglesey,",LL65 4RJ,United Kingdom
Prifysgol Bangor University,"Prifysgol Bangor University, Farm","Farm, Henfaes Research Centre,","Abergwyngregyn,","Llanfairfechan,","Conwy,",LL33 0LB,United Kingdom
Prifysgol Bangor University,"Prifysgol Bangor University, Nursing/Radiography Teaching and Medical Research","Nursing/Radiography Teaching and Medical Research, School of Health Sciences,","
Archimedes Centre,","Wrexham Technology Park, Croesnewydd Road,","Wrexham,",LL13 7YP,United Kingdom
Prifysgol Bangor University,"Prifysgol Bangor University, Ocean Sciences Teaching and Research","Ocean Sciences Teaching and Research,","Askew Street,","Menai Bridge,","Anglesey,",LL59 5AB,United Kingdom
Prifysgol Bangor University,"Prifysgol Bangor University, Botanic Garden and Sports Track","Botanic Garden and Sports Track,","Treborth Botanic Garden,","Bangor,","Gwynedd,",LL57 2RQ,United Kingdom
Prifysgol Bangor University,"Prifysgol Bangor University,School of Education & Sports Science and Nursery","School of Education & Sports Science and Nursery,","Normal Site,","Bangor,","Gwynedd,",LL57 2PZ,United Kingdom
Prifysgol Bangor University,"Prifysgol Bangor University,Halls of Residences Site, Ffriddoedd","Halls of Residences Site,","Ffriddoedd,","Bangor,","Gwynedd,",LL57 2EN,United Kingdom
Prifysgol Bangor University,"Prifysgol Bangor University,Halls of Residences Site, Lon Pobty","Halls of Residences Site,","St. Mary's Village, Lon Pobty","Bangor,","Gwynedd,",LL57 1DZ,United Kingdom
Pro Mech Ground Support Systems,"Pro Mech Ground Support Systems, Fareham","Unit 9 Spurlings Industrial Estate,","Spurlings Road,","Fareham,",,PO17 6AB,United Kingdom
Pro Mech Ground Support Systems,"Pro Mech Ground Support Systems, Uckfield","Unit 16 Uckfield,","Brambleside,","Bellbrook Industrial Estate,","Uckfield,",TN22 1QQ,United Kingdom
Project Group Limited...,Project Group Limited… Manchester,"3 Tariff Street,",,"Manchester,",,M1 2FF,United Kingdom
Protektor Group UK Limited,Western Expanded Metal Industries Co Ltd (Wemico),"Western Expanded Metal Industries Co Ltd (Wemico),","Wemico House, Matthew Lane",Hoo Farm Industrial Estate,"Kidderminster,",DY11 7RA,United Kingdom
Protektor Group UK Limited,"Protektor Group UK Limited, Systems House","Protektor Group UK Limited,","Systems House, Edwin Avenue,","Hoo Farm Industrial Estate,","Kidderminster,",DY11 7RA,United Kingdom
Protektor Group UK Limited,Profilestore,"Profilestore, Hoo House,","Edwin Avenue,","Hoo Farm Industrial Estate,","Kidderminster,",DY11 7RA,United Kingdom
PTG Treatments Ltd,"PTG Treatments Ltd, Hull","82-104 Thomas Street,",,"Hull,","East Yorkshire,",HU9 1EH,United Kingdom
Pure Staff Ltd,"Pure Staff Ltd, Worcester","8 Lowersmoor Wharf,",,"Worcester,",,WR1 2RS,United Kingdom
Pure Staff Ltd,"Pure Staff Ltd, Birmingham","32 Fredrick Street,","Hockley,","Birmingham,",,B1 3HN,United Kingdom
Queen Mary University of London,"Queen Mary University of London, Whitechaple Campus","Whitechapel Campus,",,"Whitechapel,",,E1 2AD,United Kingdom
Queen Mary University of London,"Queen Mary University of London, Vharterhouse Square Campus","Charterhouse Square Campus,","Charterhouse Square,",,,EC1M 6BQ,United Kingdom
Queen Mary University of London,"Queen Mary University of London, Lincoln's Inn Field","Lincoln’s Inn Field,","67-69 Lincoln’s Inn Fields,",,,WC2A 3JB,United Kingdom
Queen Mary University of London,"Queen Mary University of London, Bartholomew's Hospital","West Smithfield,","St Bartholomew’s Hospital,",,,EC1A 7BE,United Kingdom
Queen Mary University of London,"Queen Mary University of London, Chistlehurst Sports Ground","Chislehurst Sports Ground,","Perry Street,","Chislehurst,",,BR7 6HA,United Kingdom
Rebound Electronics (UK) Limited,"Rebound Electronics (UK) Limited, Gables Way","Unit 9, Transigo,","Gables Way,","Thatcham,","Berkshire,","RG19 4JZ,",United Kingdom
REO UK Ltd,"REO UK Ltd, Darwin House","Darwin House,","2 The Mount,","Shrewsbury,",,SY3 8PU,United Kingdom
"RJ Power Group, inc RJ Power Connections, RJ Power Networks, RJ Power North","RJ Power Group, inc RJ Power Connections, RJ Power Networks, RJ Power Wetherby","Unit 29 Street,","6 South Thorp Arch Estate,","Wetherby,",,LS23 7FD,United Kingdom
Saadia Ltd T/A 24-7 Healthcare and 1 to 1 Healthcare,"Saadia Ltd T/A 24-7 Healthcare and 1 to 1 Healthcare, Clydebank","Unit 17, Block 2 Fleming Court,","2 North Avenue,","Clydebank,",,"G81 2DR,",United Kingdom
Saadia Ltd T/A 24-7 Healthcare and 1 to 1 Healthcare,"Saadia Ltd T/A 24-7 Healthcare and 1 to 1 Healthcare, Potters Bar","167A Darkes Lane,",,"Potters Bar,",,EN6 1BW,United Kingdom
Sandhurst Group 2016 Ltd,"Sandhurst Group 2016 Ltd, Blount Street","18 Blount Street,",,"London,",,"E14 7BZ,",United Kingdom
SCA Skog AB,"SCA Skog AB, Head Office,","Skepparsplatsen 1,",,Sundsvall,,851 88,Sweden
SCA Skog AB,SCA Skog Piteå,"SCA Skog Piteå,","Källbogatan 77,",Piteå,,941 36,Sweden
SCA Skog AB,"SCA Skog Umeå,","SCA Skog Umeå,","Vildmannavägen 1,",Umeå:,,"904 02,",Sweden
SCA Skog AB,SCA Skog Strömsund,"SCA Skog Strömsund,","Storgatan 16,",Strömsund,,"833 35,",Sweden
SCA Skog AB,"SCA Skog Sollefteå,","SCA Skog Sollefteå,","Risövägen 2,",Sollefteå,,"881 30,",Sweden
SCA Skog AB,"SCA Skog Östersund,","SCA Skog Östersund,","Storsjöstråket 15,",Östersund,,"831 26,",Sweden
SCA Skog AB,"SCA Skog Ånge,","SCA Skog Ånge,","Kyrkvägen 17A,",Ånge,,"841 31,",Sweden
SCA Skog AB,"SCA Skog Sundsvall, ","SCA Skog Sundsvall,","Tegelvägen 3B,",Sundsvall,,"853 50,",Sweden
SCA Skog AB,"Norrplant, Bogrundets Plantskola,","Norrplant,","Bogrundets Plantskola,","Golfbanevägen 4,",Fagervik.,861 45,Sweden
SCA Skog AB,"Norrplant, Wifstamon Plantskola","Norrplant,","Wifstamon Plantskola,","Kabelvägen 8,",Timrå.,861 36,Sweden
Scholastic Limited,Accounts / Registered Address,Accounts / Registered Address:,"Bosworth Avenue,","Warwick,","Warwickshire,","CV34 6UQ,",United Kingdom
Scott Timber Ltd t/a Scott Pallets,The Gravel Pit,"The Gravel Pit,","Needham,","Harleston,","Norfolk,",IP20 9LB,United Kingdom
Scott Timber Ltd t/a Scott Pallets,"East Dock,","East Dock,","Burntisland,","Fife,",,KY3 9BS,United Kingdom
Scott Timber Ltd t/a Scott Pallets,The Sawmills,"The Sawmills, Kidd Lane,","Melbourne,","York,","North Yorkshire,",YO42 4QF,United Kingdom
Scott Timber Ltd t/a Scott Pallets,Fordoun Sawmill,"Fordoun Sawmill,","Fordoun,","Laurencekirk,","Aberdeenshire,",AB30 1JR,United Kingdom
Scott Timber Ltd t/a Scott Pallets,Europa Way,"Europa Way,","Kiln Lane Industrial Estate,","Stallingborough,",,DN41 8DS,United Kingdom
Scott Timber Ltd t/a Scott Pallets,"​Cromwell Road,","​Cromwell Road,",,"Ellesmere Port,","Cheshire,",CH65 4AA,United Kingdom
Scott Timber Ltd t/a Scott Pallets,"Shed A, Atlantic Way","Shed A,","Atlantic Way,","Barry,","Vale of Glamorgan,",CF63 3RA,United Kingdom
Scott Timber Ltd t/a Scott Pallets,"Hangar 3, Upwood Air Park","Hangar 3,","Upwood Air Park,","Bury,","Cambridgeshire,",PE26 2RA,United Kingdom
Scott Timber Ltd t/a Scott Pallets,"Scott ELM Ltd, ","Scott ELM Ltd,","Church Gresley Industrial Estate,","Swadlincote,",,DE11 9NR,United Kingdom
Scott Timber Ltd t/a Scott Pallets,(QMS Only) Pallet 2 Packaging Ltd,"Pallet 2 Packaging Ltd,","Goldie Road, Bothwell Industrial Estate","Livingstone,","Glasgow,",G71 6NZ,United Kingdom
Sirius Analysis Limited incorporating Sirius Digital Services Limited and Sirius Analysis Inc.,"Sirius Analysis Inc,","Sirius Analysis Inc,","Suite 700 (200 SF) at 4525 Main Street,","Virginia Beach,",VA,"23462,",USA
Smarte Carte Europe,"Smarte Carte UK Ltd (Heathrow), ","Smarte Carte UK Ltd (Heathrow),","Lost Property Office,","London Heathrow Airport,","Hounslow,",TW6 2QF,United Kingdom
Smarte Carte Europe,"Smarte Carte UK Ltd, London City Airport","Smarte Carte UK Ltd,","London City Airport,","Royal Docks,","London,",E16 2PX,United Kingdom
Smarte Carte Europe,Smarte Carte UK Ltd (Bristol),"Smarte Carte UK Ltd (Bristol),","Aviation House,","Bristol Airport,","Bristol,",BS48 3DY,United Kingdom
Smarte Carte Europe,Smarte Carte Sweden AB (Home Office),"Smarte Carte Sweden AB (Home Office),","Maskingatan 9,","Markplan,","Arlandastad,","19560,",Sweden
Smarte Carte Europe,"Smarte Carte Sweden AB (Arlanda),","Smarte Carte Sweden AB (Arlanda),","Terminal 5, Plan 1, Arlanda Airport,","Stockholm,",Arlanda,"
190 45,",Sweden
Smarte Carte Europe,"Smarte Carte Norway AS, Oslo Gardermoen Airport (OSL), ","Smarte Carte Norway AS,","Oslo Gardermoen Airport (OSL),","Edvard Munchs veg,",2061,"Gardermoen,",Norway
Smarte Carte Europe,"Smarte Carte Ireland Ltd,","Smarte Carte Ireland Ltd,","Baggage Services,","Dublin Airport,","Co Dublin,","K67 KD58,",Ireland
Stiltz Ltd,"Stiltz Ltd, Wokingham","St. Pauls Clockhouse,","Reading Road,","Wokingham,",,RG41 1RL,United Kingdom
Stiltz Ltd,"Stiltz Ltd, Leeds","Unit 2 & 4, The Courtyard Buildings,","Thorpe Lane,","Guiseley,","Leeds,",LS20 8LG,United Kingdom
Student Loans Company Limited,Student Loans Company Hillington,"Student Loans Company Hillington,","
11 Carneige Road,","Glasgow,",,G52 4JT,United Kingdom
Student Loans Company Limited,Student Finance England,Student Finance England,"The Memphis Building, Lingfield Point, McMullen Road,","Darlington,",County Durham,DL1 1RW,United Kingdom
Student Loans Company Limited,Student Finance Wales,"Student Finance Wales
Welsh Government Office,","Sarn Mynach,","Llandudno Junction,","Conwy,",LL31 9RZ,United Kingdom
Styro-Tech Limited,"Styro-Tech Limited, West Bromwich","Unit 5, Kingfisher Estate,","Charles Street,","West Bromwich,",,B70 0AT,United Kingdom
Sveaskog förvaltnings AB,"Kilåmons Plantskola,","Kilåmons Plantskola,",,"Näsåker,","Sverige,","880 30,",Sweden
Sveaskog förvaltnings AB,"Lugnets Plantskola (Bålsta),","Lugnets Plantskola (Bålsta),",,"Häggeby,","Sverige,","746 94,",Sweden
Sveaskog förvaltnings AB,"Stakhedens Plantskola, ","Stakhedens Plantskola,",,"Nyhammar,","Sverige,","770 14,",Sweden
Sveaskog förvaltnings AB,Trekantens Plantskola,"Trekantens Plantskola Box 17,",,"Trekanten,","Sverige,","388 04,",Sweden
Sveaskog förvaltnings AB,"MO Nord Marknadsområdeskontor,","MO Nord Marknadsområdeskontor,","Kolmilavägen 17,","Piteå,","Sverige,","941 37,",Sweden
Sveaskog förvaltnings AB,"MO Syd Marknadsområdeskontor,","MO Syd Marknadsområdeskontor,","Arabygatan 11,","Växjö,","Sverige,","350 53,",Sweden
Sveaskog förvaltnings AB,Vibytorps Plantskola,"Vibytorps Plantskola,","Vibytorps Plantskola,","Hallsberg,","
Sverige,","694 36,",Sweden
Sveaskog förvaltnings AB,Åbyfors Södra Fröstationen ,Åbyfors Södra Fröstationen,,"Lagan,","Sverige,","340 14,",Sweden
SWG Construction (Build & Renovate) Ltd,"SWG Construction (Build & Renovate) Ltd, Aldersley House","Aldersley House,","Pendeford Business Park,","Wolverhampton,",,WV9 5HA,United Kingdom
Swift Brickwork Contractors Limited,"Swift Brickwork Contractors Limited, Grayes","434 London Road,","Grayes,",,,"RM20 4BS,",United Kingdom
Technicare Ltd T/A Blyth Group Ltd,"Technicare Ltd T/A Blyth Group Ltd, Firdale","Firdale,","Shocklach,","Malpass,","Shropshire,",SY14 7BL,United Kingdom
Tela Technology Ltd,"Tela Technology Ltd, Warrington","Unit 14 Harvard Court,","Winwick Quay,","Warrington,",,WA2 8LT,United Kingdom
Tela Technology Ltd,"Tela Technology Ltd, London","St Magnus House,","3 Lower Thames Street,","London,",,EC3R 6HE,United Kingdom
Terra Solutions Ltd,"Terra Solutions Ltd, N Ireland","Unit 3, Carnbane Business Park,","Newry,",,"Co Down,",BT35 6QH,"N. Ireland,"
The Creative Core Group Limited Incorporating Hadley Interiors Limited,Hadley Interiors Limited ,Hadley Interiors Limited,"Unit 4a, Ladyship Business Park,","Mill Lane,",Halifax,HX3 6TA,United Kingdom
The Environment Agency,"The Environment Agency, Birmingham","THE ENVIRONMENT AGENCY,","Aqua House, 20 Lionel Street,","Birmingham,","West Midlands,",B3 1AQ,United Kingdom
The Environment Agency,"The Environment Agency, York","THE ENVIRONMENT AGENCY,","Foss House, 1-2 Peasholme Green,","Kingspool,","York,",YO1 7PX,United Kingdom
The Environment Agency,"The Environment Agency, Reading","THE ENVIRONMENT AGENCY,","Kings Meadow House,","Kings Meadow Road,","Reading,",RG1 8DQ,United Kingdom
The Environment Agency,"The Environment Agency, Exeter","THE ENVIRONMENT AGENCY,","Manley House,","Kestrel Way,","Exeter,",EX2 7LQ,United Kingdom
The Optima Group Ltd,Optima Contracting Ltd,Optima Contracting Ltd,"Courtyard House, West End Road","High Wycombe,","Bucks,",HP11 2QB,United Kingdom
The Optima Group Ltd,"The Optima Group Ltd, Piccadilly House-","Suite 303 & Piccadilly House,","49 Piccadilly,",Manchester,,,United Kingdom
The Optima Group Ltd,Optima Installations Ltd,Optima Installations Ltd,"Courtyard House, West End Road","High Wycombe,","Bucks,",HP11 2QB,United Kingdom
The Optima Group Ltd,"Optima Products Ltd, Mill Road",Optima Products Ltd,"Mill Road,","Radstock, Bath","Somerset,",BA3 5TX,United Kingdom
The Optima Group Ltd,"Optima Products Ltd, New Rock",Optima Products Ltd,"Unit 2a, New Rock,","Chilcompton, Radstock","Bath,",BA3 4JE,United Kingdom
The Optima Group Ltd,OAG Ltd,OAG Ltd,"Courtyard House, West End Road","High Wycombe,","Bucks,",HP11 2QB,United Kingdom
Therser (UK) Ltd,"Therser (UK) Ltd, Stoke on Trent","Whittle Road,","Meir Park,","Stoke-on-Trent,","Staffordshire,",ST3 7TU,United Kingdom
Therser (UK) Ltd,"Therser (UK) Ltd, Tipton","Hale Trading Estate ,","Lower Church Lane,","Tipton,","West Midlands,",DY4 7PQ,United Kingdom
Tilhill Forestry Ltd T/A Maelor Forest Nurseries,"Maelor Scotland Forest Nurseries,","Maelor Scotland Forest Nurseries,","Newton of Darnaway,","Conicavel,","Forres,",IV36 2SU,United Kingdom
Tondin Porte SRL Con Unico Socio srl,"Tondin Porte SRL Con Unico Socio srl, Via Capparozzo","Via Capparozzo 30,","Villalta Di Gazzo,","Padua,",,"35010,",Italy
Total Clean Services,Registered Address: ,"45 Welbeck Street,",,"London,",,W1G 8DZ,United Kingdom
Total Clean Services,"Total Clean Services, Cambridge",Total Clean Services,"20 Station Road,","Cambridge,",,CB1 2JD,United Kingdom
Total Clean Services,"Total Clean Services, Blackpool",Total Clean Services,"295-297 Church Street,","Blackpool,","Lancashire,",FY1 3PJ,United Kingdom
Total Clean Services,"Total Clean Services, Manchester","Total Clean Services,","83 Ducie Street,","Manchester,",,M1 2JQ,United Kingdom
Total Clean Services,"Total Clean Services, Warrington","Total Clean Services,","Gilbert Wakefield House,","67 Bewsey Street,","Warrington,",WA2 7JQ,United Kingdom
Total Clean Services,"Total Clean Services, Aberdeen","Total Clean Services,","214 Union Street,","Aberdeen,","Aberdeenshire,",AB10 1TL,United Kingdom
Total Clean Services,"Total Clean Services, Reading","Total Clean Services,","Dukesbridge House,","23 Dukes Street,",Reading,RG1 4SA,United Kingdom
UK Packaging Supplies Ltd,"UK Packaging Supplies Ltd, Lancing","Unit 27 Marlborough Road,",,"Lancing,","West Sussex,",BN15 8UF,United Kingdom
UK Packaging Supplies Ltd,"UK Packaging Supplies Ltd, New Market","Unit 6 Minton Enterprise Park,","Oaks Drive,","New Market,","Suffolk,",CB8 7YY,United Kingdom
UK Packaging Supplies Ltd,"UK Packaging Supplies Ltd, Colchester","Unit 1, Clough Road,","Severalls Industrial Park,","Colchester,","Essex,",CO4 9QS,United Kingdom
UK Packaging Supplies Ltd,"UK Packaging Supplies Ltd, Aldershot","Headway House,","Ivy Road,","Aldershot,","Hampshire,",GU12 4TX,United Kingdom
UN - Global Service Centre (GSC) of the United Nations,"UN - Global Service Centre (GSC) of the United Nations, Valencia","Avenida Comparques Del Pais,","2 Quart de Poblet,",,"Valencia,","46930,",Spain
University of Hertfordshire Higher Education Corporation,Bayfordbury Campus,"Bayfordbury Campus,","Lower Hatfield Road,","Bayfordbury,","Hertfordshire,",SG13 8LD,United Kingdom
University of Hertfordshire Higher Education Corporation,"De Havilland Campus,","De Havilland Campus,",,"Hatfield,","Hertfordshire,",AL10 9EU,United Kingdom
University of West London,"Paragon House,","Paragon House,","Boston Manor Road,","Brentford,","Middlesex,",TW8 9GA,United Kingdom
University of West London,Fountain House,"Tenth Floor, Fountain House,","2 Queens Walk,","Reading,",,RG1 7QF,United Kingdom
University of West London,Cavendish House & Century House,"Cavendish House & Century House,","57-63 Uxbridge Road,","Ealing,",,W5 5SA,United Kingdom
Vistry Group PLC incorporating Vistry Homes Ltd and Countryside Properties (UK) Ltd,"Vistry North East, ","Vistry North East, 2 Esh Plaza,","Sir Bobby Robson Way,","Great Park,",Newcastle Upon Tyne,NE13 9BA,United Kingdom
Vistry Group PLC incorporating Vistry Homes Ltd and Countryside Properties (UK) Ltd,Vistry Merseyside & Cheshire Wes,"Vistry Merseyside & Cheshire West, 301 Bridgewater Place,","Birchwood Park, Birchwood,","Warrington,",Cheshire,WA3 6XG,United Kingdom
Vistry Group PLC incorporating Vistry Homes Ltd and Countryside Properties (UK) Ltd,"Vistry South East Midlands,","Vistry South East Midlands, Penman House, 1 Penman Way,","Grove Park,","Enderby,",Leicester,LE19 1SY,United Kingdom
Vistry Group PLC incorporating Vistry Homes Ltd and Countryside Properties (UK) Ltd,Vistry South Central Midlands,"Vistry South Central Midlands, Bromwich Court, Highway Point,","Gorsey Lane,","Coleshill,",Warwickshire,B46 1JU,United Kingdom
Vistry Group PLC incorporating Vistry Homes Ltd and Countryside Properties (UK) Ltd,"Vistry South West Midlands,","Vistry South West Midlands, 2 Bromwich Court,","Gorsey Lane,","Coleshill,",West Midlands,B46 1JU,United Kingdom
Vistry Group PLC incorporating Vistry Homes Ltd and Countryside Properties (UK) Ltd,Vistry East Yorkshire,"Vistry East Yorkshire,","Suite 2/3, Ground Floor, 1175 Thorpe Park,","Century Way,",Leeds,LS15 8ZB,United Kingdom
Vistry Group PLC incorporating Vistry Homes Ltd and Countryside Properties (UK) Ltd,Vistry West Yorkshire,"Vistry West Yorkshire,","1 Red Hall Avenue,","Paragon Business Village,",Wakefield,WF1 2UL,United Kingdom
Vistry Group PLC incorporating Vistry Homes Ltd and Countryside Properties (UK) Ltd,Vistry North West Midlands,"Vistry North West Midlands,","2nd floor, i10 Wolverhampton Interchange,","Railway Drive,",Wolverhampton,WV1 1LH,United Kingdom
Vistry Group PLC incorporating Vistry Homes Ltd and Countryside Properties (UK) Ltd,Vistry North Central Midlands,"Vistry North Central Midlands,","Dunston Hall,","Dunston,",Stafford,ST18 9AB,United Kingdom
Vistry Group PLC incorporating Vistry Homes Ltd and Countryside Properties (UK) Ltd,"Vistry North East Midlands,","Vistry North East Midlands, Penman House, 1 Penman Way,","Grove Park,","Enderby,",Leicester,LE19 1SY,United Kingdom
Vistry Group PLC incorporating Vistry Homes Ltd and Countryside Properties (UK) Ltd,Vistry Northern Home Counties,"Vistry Northern Home Counties,","Building 7, Caldecotte, Lake Business Park,","Milton Keynes,",Buckinghamshire,MK7 8JU,United Kingdom
Vistry Group PLC incorporating Vistry Homes Ltd and Countryside Properties (UK) Ltd,Vistry East Anglia,"Vistry East Anglia, Ashurst, Southgate Park,","Bakewell Road,","Orton Southgate,",Peterborough,PE2 6YS,United Kingdom
Vistry Group PLC incorporating Vistry Homes Ltd and Countryside Properties (UK) Ltd,Vistry Central Home Counties,"Vistry Central Home Counties, Turnford Place,","Great Cambridge Road,","Broxbourne,",Hertfordshire,EN10 6NH,United Kingdom
Vistry Group PLC incorporating Vistry Homes Ltd and Countryside Properties (UK) Ltd,"Vistry Eastern Counties,","Vistry Eastern Counties,","Countryside House, The Drive,","Brentwood,",Essex,CM13 3AT,United Kingdom
Vistry Group PLC incorporating Vistry Homes Ltd and Countryside Properties (UK) Ltd,"Vistry Kent,","Vistry Kent,","11 Tower View, Kings Hill,","West Malling,",Kent,ME19 4UY,United Kingdom
Vistry Group PLC incorporating Vistry Homes Ltd and Countryside Properties (UK) Ltd,"Vistry South East,","Vistry South East,","Linden House, Guards Avenue,","Caterham,",Surrey,CR3 5XL,United Kingdom
Vistry Group PLC incorporating Vistry Homes Ltd and Countryside Properties (UK) Ltd,"Vistry Southern,","Vistry Southern,","Central 40, Lime Tree Way,","Chineham Park,",Basingstoke,RG24 8GU,United Kingdom
Vistry Group PLC incorporating Vistry Homes Ltd and Countryside Properties (UK) Ltd,"Vistry Thames Valley,","Vistry Thames Valley,","550 Oracle Parkway, Thames Valley Park,","Reading,",Berkshire,RG6 1PT,United Kingdom
Vistry Group PLC incorporating Vistry Homes Ltd and Countryside Properties (UK) Ltd,Vistry Cotswolds,"Vistry Cotswolds,","Cleeve Hall,","Bishop’s Cleeve,",Gloucestershire,GL52 8GD,United Kingdom
Vistry Group PLC incorporating Vistry Homes Ltd and Countryside Properties (UK) Ltd,Vistry Bristol North East,"Vistry Bristol North East,","Linden House, The Jacobs Building,  ","Berkeley Place, Clifton",Bristol,BS8 1EX,United Kingdom
Vistry Group PLC incorporating Vistry Homes Ltd and Countryside Properties (UK) Ltd,Vistry Devon South West,"Vistry Devon South West,","Heron Road,","Sowton Industrial Estate,",Exeter,EX2 7LL,United Kingdom
Vistry Group PLC incorporating Vistry Homes Ltd and Countryside Properties (UK) Ltd,"Vistry Cornwall South West,","Vistry Cornwall South West, Camberwell House,","Grenadier Road, Exeter Business Park,","Exeter,",Devon,EX1 3QF,United Kingdom
Vistry Group PLC incorporating Vistry Homes Ltd and Countryside Properties (UK) Ltd,Vistry West London,"Vistry West London,","Aurora House, 71-75 Uxbridge Road,",Ealing,,W5 5SL,United Kingdom
Vistry Group PLC incorporating Vistry Homes Ltd and Countryside Properties (UK) Ltd,"Vistry South London,","Vistry South London,","Broadway Chambers, 2 Broadway,","Stratford,",London,E15 4QS,United Kingdom
Vistry Group PLC incorporating Vistry Homes Ltd and Countryside Properties (UK) Ltd,"Vistry East London, ","Vistry East London,","Countryside House, The Drive,","Brentwood,",Essex,CM13 3AT,United Kingdom
VRAI,"VRAI, Science Square","The Catalyst, 3 Science Square,","Newcastle Helix,","Newcastle,",,NE4 5TG,United Kingdom
WCS Group,"WCS Group, Tamworth","WCS Group,","Unit Z, Riverside Business Park,","Tamworth,","Staffordshire,",B78 3RW,United Kingdom
WCS Group,"WCS Group, Rainham","WCS Group,","1st Floor Rainham House,
Manor Way,","Rainham,",,RM13 8RH,United Kingdom
WCS Group,"WCS Group, Brighton","WCS Group,","Unit 6, Dolphin Enterprise Centre, Evershed Way,","Shoreham,","Brighton,",BN43 6QB,United Kingdom
WCS Group,"WCS Group, Wednesbury","WCS Group,","Red Mill House, Red Mill Industrial Estate,","Holloway Bank,","Wednesbury,",WS10 0NN,United Kingdom
WCS Group,"WCS Group, Dinnington","WCS Group,","Unit 6 Carrera Court,","Church Lane,","Dinnington,",S25 2RG,United Kingdom
WCS Group,"WCS Group, Tullamore",WCS Group,"Tullamore,","County Offaly,","
Tullamore,",,Ireland
WCS Group,"WCS Group, Belfast","WCS Group,","22 Heron Road,","Belfast,",,BT3 9LE,United Kingdom
WCS Group,"WCS Group, York","WCS Group,","3B, Eurosafe House,","Tribune Way,","York,",YO30 4RY,United Kingdom
WCS Group,"WCS Group, Coalville","WCS Group,","Dromitee,","Coalville,",,LE67 1TX,United Kingdom
WCS Group,"WCS Group, Daventry","WCS Group,","Lamport Drive,","Heartlands Business Park,","Daventry,",NN11 8YN,United Kingdom
WCS Group,"WCS Group, Bristol","WCS Group,","Unit 1325, Aztec West,","Bristol,",,BS32 4RX,United Kingdom
WCS Group,"WCS Group, Waterlooville","WCS Group,","Unit 1 Aston Road,","Waterlooville,","Hampshire,",PO7 7UX,United Kingdom
WCS Group,"WCS Group, Horley","WCS Group,","13 Gatwick Metro Centre,
Balcombe Road,","Horley,","Surrey,",RH6 9GA,United Kingdom
WCS Group,"WCS Group, Chesterfield","WCS Group,","Park Road,","Freshwaters,","
Chesterfield,",S42 5UY,United Kingdom
WCS Group,"WCS Group, Cardiff","WCS Group,","Axys House, Heol Crochendy, Parc Nantgarw,","Nantgarw,","
Cardiff,",CF15 7TW,United Kingdom
WCS Group,"WCS Group, Manor Drive","WCS Group,","Unit 1 Manor Drive, Outgang Lane,","Dinnington,","Sheffield,",S25 3QU,United Kingdom
WCS Group,"WCS Group, Kingfisher Way","WCS Group,","Unit 5 Kingfisher Way,","Dinnington,","Sheffield,",S25 3AF,United Kingdom
WCS Group,"WCS Group, Huddersfield","WCS Group,","2 Moor Lane,","Kirkburton,","Huddersfield,",HD8 0QS,United Kingdom
WCS Group,"WCS Group, Camberley","WCS Group,","Second Floor North,","Knoll Road,","Camberley,",GU15 3SY,United Kingdom
WCS Group,"WCS Group, Basildon","WCS Group,","Suite 13, Pheonix House,
Christopher Martin Road,","Basildon,","Essex,",SS14 3EZ,United Kingdom
WCS Group,"WCS Group, Hemel Hempstead","WCS Group,","4 Quadtech,","Boundry Way,","
Hemel Hempstead,",HP2 7SJ,United Kingdom
WCS Group,"WCS Group, Bellshill","WCS Group,","Unit 1 Medipark, Mallard Way,","Stathclyde Business Park,","Bellshill,","
ML4 3BF",United Kingdom
WCS Group,"Atana Ltd, ","Atana Ltd,","Hydrus House, Hilltop Industrial Estate,","Dromintee Road, Bardon Hill","Coalville,",LE67 1TX,United Kingdom
WCS Group,"WCS Services Limited, Daventry","WCS Services Limited,","Lamport Drive,","
Heartlands,","Daventry,",NN11 8YH,United Kingdom
WCS Group,"WCS Services Limited, Bristol","WCS Services Limited,","1325 Park Avenue, Aztec West,","Almondsbury,","
Bristol,",BS32 4SY,United Kingdom
WCS Group,"WCS Services Limited, Camberley","WCS Services Limited,","Second Floor North, Knoll Road,","Camberley,",,GU15 3SY,United Kingdom
WCS Group,"Clearwater Compliance Ltd, Offaly","Clearwater Compliance Ltd,","Unit 17, Block B, Axis Business Park,","Tullamore,","County Offaly,",R35 FN22,"Ireland,"
WCS Group,"Clearwater Technology Ltd, Quedgeley","Clearwater Technology Ltd, 1","7 Wheatstone Court,","Davy Way,
Waterwells Business Park,",Quedgeley,GL2 2AQ,United Kingdom
WCS Group,"Clearwater Technology Ltd, Tammworth","Clearwater Technology Ltd,","Unit Z, Riverside Business Park,","Tamworth,","
Staffordshire,",B78 3RW,United Kingdom
WCS Group,"Clearwater Technology Ltd,  Camberley","Clearwater Technology Ltd,","Second Floor North, Knoll Road,","Camberley,",,GU15 3SY,United Kingdom
WCS Group,"Clearwater Technology Ltd, Bristol","Clearwater Technology Ltd,","1325 Park Avenue, Aztec West,","Almondsbury,","Bristol,",BS32 4SY,United Kingdom
WCS Group,Clearwater Technology Ltd Hemel Hempstead,"Clearwater Technology Ltd,","4 Quadtech,","
Boundry Way,","Hemel Hempstead,",HP2 7SJ,United Kingdom
WCS Group,"Clearwater Technology Ltd, Belfast","Clearwater Technology Ltd,","Unit 5, 22 Heron Road,","Belfast,",,BT3 9LE,United Kingdom
WCS Group,Guardian Water Treatment Ltd,"Guardian Water Treatment Ltd,","Suite 13 Phoenix House,","Christopher Martin Road,","Basildon,",SS14 3EZ,United Kingdom
WCS Group,Kingfisher Environmental Services Ltd ,Kingfisher Environmental Services Ltd,"17 Wheatstone Court,","Davy Way,
Waterwells Business Park,","Quedgeley,",GL2 2AQ,United Kingdom
WCS Group,"Tersus Consultancy Ltd, Rainham","Tersus Consultancy Ltd,","1st Floor, Rainham House,","Manor Way,",Rainham,"
RM13 8RH",United Kingdom
WCS Group,"Tersus Consultancy Ltd, Brighton","Tersus Consultancy Ltd,","Unit C6, Dolphin Enterprise Centre, Evershed Way,","Shoreham,","Brighton,",BN43 6QB,United Kingdom
WCS Group,"Tersus Consultancy Ltd, Wednesbury","Tersus Consultancy Ltd,","Red Mill House,","Red Mill Industrial Estate, Holloway Bank,","Wednesbury,",WS10 0NN,United Kingdom
WCS Group,"Tersus Consultancy Ltd, Dinnington","Tersus Consultancy Ltd,","Unit 6, Carrera Court,","Church Lane,","Dinnington,",S25 2RG,United Kingdom
WCS Group,"Tersus Consultancy Ltd, Bristol","Tersus Consultancy Ltd,","1325 Park Avenue, Aztec West,","Almondsbury,","
Bristol,",BS32 4SY,United Kingdom
WCS Group,"Tersus Consultancy Ltd, Eurosafe House,","Tersus Consultancy Ltd,","Eurosafe House,
Tribune Way, Centurion Park,","Clifton Moor,","York,",YO30 4RY,United Kingdom
WCS Group,"Tersus Consultancy Ltd, Cardiff","Tersus Consultancy Ltd,","Axys House, 
Heol Crochendy,","Parc Nantgarw,  Nantgarw,","Cardiff,",CF15 7TW,United Kingdom
WCS Group,"Tersus Consultancy Ltd, Huddersfield","Tersus Consultancy Ltd,","First Floor,
2 Moor Lane,","Kirkburton,","Huddersfield,",HD8 0QS,United Kingdom
WCS Group,"Tersus Consultancy Ltd, Bellshill","Tersus Consultancy Ltd,","Unit 1 Medipark, Mallard Way,","Stathclyde Business Park,","Bellshill,",ML4 3BF,United Kingdom
WCS Group,WCS Environmental Limited t/a WCS Group Quedgeley,"WCS Environmental Limited t/a WCS Group,","17 Wheatstone Court,","Davy Way,
Waterwells Business Park,","Quedgeley,",GL2 2AQ,United Kingdom
WCS Group,"WCS Environmental Limited t/a WCS Group, Tamworth","WCS Environmental Limited t/a WCS Group,","Unit Z, Riverside Business Park,","
Tamworth,","Staffordshire,",B78 3RW,United Kingdom
WCS Group,"WCS Environmental Limited t/a WCS Group, Belfast","WCS Environmental Limited t/a WCS Group, ","Unit 5, 22 Heron Road,","Belfast,",,BT3 9LE,United Kingdom
WCS Group,"WCS Environmental Limited t/a WCS Group, Bristol","WCS Environmental Limited t/a WCS Group,","1325 Park Avenue, Aztec West,","Almondsbury,",Bristol,BS32 4SY,United Kingdom
WCS Group,"WCS Environmental Limited t/a WCS Group, Camberley","WCS Environmental Limited t/a WCS Group,","Second Floor North, Knoll Road,","Camberley,",,GU15 3SY,United Kingdom
WCS Group,"WCS Environmental Limited t/a WCS Group, Hemel Hempstead","WCS Environmental Limited t/a WCS Group,","4 Quadtech,","Boundry Way,","Hemel Hempstead,",HP2 7SJ,United Kingdom
WCS Group,WCS Environmental Engineering Ltd,WCS Environmental Engineering Ltd,"
1 Aston Road,","Waterlooville,",,PO7 7UX,United Kingdom
WCS Group,"Musketeer Services Ltd,","Musketeer Services Ltd,","13 Gatwick Metro Centre, Balcombe Road,","Horley,","
Surrey,",RH6 9GA,United Kingdom
WCS Group,"B&V Chemicals,","B&V Chemicals,","Lamport Drive,","Heartlands Business Park,","Daventry,",NN11 8YH,United Kingdom
WCS Group,Tersus Consultancy Ltd TA Eurosafe CDM Services,"Tersus Consultancy Ltd TA Eurosafe CDM Services,","Eurosafe House, Tribune Way,","Centurion Park, Clifton Moor,","York,","
YO30 4RY",United Kingdom
WCS Group,"SafeCare,","SafeCare, ","17 Wheatstone Court,","Davy Way,
Waterwells Business Park, Quedgeley",Gloucestershire,GL2 2AQ,United Kingdom
WCS Group,"Sterling Hydrotech Limited, ","Sterling Hydrotech Limited,","Freshwaters,
Park Road, Holmewood,","Chesterfield,","Derbyshire,",S42 5UY,United Kingdom
WCS Group,"Hydro-X Group Limited T/A Hydro-X Water Treatment Limited, Hydro-X Air Limited, Hydro-X Training Limited, Manor Drive","Hydro-X Group Limited T/A Hydro-X Water Treatment Limited, Hydro-X Air Limited, Hydro-X Training Limited,","Unit 1 Manor Drive, Outgang Lane,","Dinnington,","Sheffield,",S25 3QU,United Kingdom
WCS Group,"Hydro-X Group Limited T/A Hydro-X Water Treatment Limited, Hydro-X Air Limited, Hydro-X Training Limited, Kingfisher Way","Hydro-X Group Limited T/A Hydro-X Water Treatment Limited, Hydro-X Air Limited, Hydro-X Training Limited, ","Unit 5 Kingfisher Way,","Dinnington,","Sheffield,",S25 3AF,United Kingdom
Whitemeadow Furniture Limited,"Whitemeadow Furniture (Cutting, Fabric Stores, Sewing, Manufacture)","Whitemeadow Furniture (Cutting, Fabric Stores, Sewing, Manufacture)","
Export Drive,","Huthwaite,","Nottinghamshire,",NG17 6AF,United Kingdom
Whitemeadow Furniture Limited,"Whitemeadow Frames (Frame Manufacture and assembly),","Whitemeadow Frames (Frame Manufacture and assembly),","Units 2-5 Export Drive,","Huthwaite,","Nottinghamshire,",NG17 6AF,United Kingdom
Whitemeadow Furniture Limited,"Whitemeadow Furniture (Sewing Academy, Sewing, Manufacture, Logistics and Despatch), ","Whitemeadow Furniture (Sewing Academy, Sewing, Manufacture, Logistics and Despatch),","Langham Park, Berristow Lane,","South Normanton,","Derbyshire,",DE55 2EG,United Kingdom
Woodlands Site Services Ltd,Woodlands International B.V. ,Woodlands International B.V.,"Holland BV Office | Agriport Business Point,","
Agriport 36, Middenmeer",TA,1775,The Netherlands
Wren Kitchens Limited incorporating Wren Contract Kitchens,"Wren Kitchens Limited incorporating Wren Contract Kitchens, Parrott Street,","Parrott Street,","Barton Upon Humber,",,,DN18 6DD,United Kingdom
Wren Kitchens Limited incorporating Wren Contract Kitchens,"Wren Kitchens Limited incorporating Wren Contract Kitchens, Scunthorpe South","Scunthorpe South,","Foxhills Industrial Estate,","Ram Boulevard,",Scunthorpe,DN15 8QW,United Kingdom
Wren Kitchens Limited incorporating Wren Contract Kitchens,"Wren Kitchens Limited incorporating Wren Contract Kitchens, Scunthorpe North","Scunthorpe North,","Lysaghts Way,",Scunthorpe,,DN15 9YH,United Kingdom
Wren Kitchens Limited incorporating Wren Contract Kitchens,"Wren Kitchens Limited incorporating Wren Contract Kitchens, Ferry Road","Ferry Road,","Howden,","Off ferry Road,","Howden,",DN14 7UW,United Kingdom
Wrights Plastics Limited,"Wrights Plastics Limited, West Bromwich","Unit 8 & 9 Black Country Park,","Great Bridge Street,","West Bromwich,",,"B70 0EN,",United Kingdom
Wrights Plastics Limited,Wrights Plastics Limited,Midwest Displays 1st Floor,"Battlefield Enterprise Park,","11 Henry Close,",Shrewsbury,"SY1 3TJ,",United Kingdom
X-Hire Limited,"X-Hire Limited, Salford","Unit 5, Westlink Business Park,","James Corbett Way,","Salford,",,M50 1DE,United Kingdom
X-Hire Limited,"X-Hire Limited, London Road","
Unit 9, Castle Park","730 London Road,","Thurrock,",,RM20 3NL,United Kingdom
Zenith Developments Group Limited,"Zenith Developments Group Limited, Leeds","36 Park Row,","Leeds,",,,LS1 5JL,United Kingdom
