name,addressBuilding,addressStreet,addressStreet2,addressCity,addressStateProvince,addressPostCode,addressCountry
Active Integrated Systems Limited,Mayden House,Long Bennington Business Park,Main Road,Long Bennington,,NG23 5DJ,United Kingdom
Amanda Levete Architects Limited,33 John Street,,,London,,WC1N 2AT,United Kingdom
Amdega Brands Ltd,6A Knights Park,Hussey Road,Battlefields Enterprise Park,Shrewsbury,Shropshire,SY1 3TE,United Kingdom
AMH Commercial Projects Ltd,Old Barn,Lady Farm,,Chelwood,Bristol,BS39 4NN,United Kingdom
AMufacture Ltd,6 Pioneer Park,Portfield Road,,Portsmouth,,PO3 5GF,United Kingdom
Andrew Strain Construction Ltd,Blackfaulds House,Drumhead Place,,Glasgow,,G32 8EY,United Kingdom
Andrews Sykes Group Plc,Unit 601,Axcess 10 Business Park,,Wednesbury,,WS10 8LQ,United Kingdom
Anglia Ruskin University Higher Education Corporation,East Road,,,Cambridge,,CB1 1PT,United Kingdom
Anglo American Oil Company Ltd,58 Holton Road,Holton Heath Trading Park,,Poole,Dorset,BH16 6LT,United Kingdom
Angloco Ltd,Station Road,,,Batley,West Yorkshire,WF17 5TA,United Kingdom
APC Overnight,"Blakeley Way, Kingswood Lakeside",Norton Canes,,Cannock,Staffordshire,WS11 8LD,United Kingdom
Apex Signalling Design & Consultancy Ltd,Quintessential Group,Suite 13,19-21 Gordon Street,Glasgow,,G1 3PL,United Kingdom
Apogee Property & Utility Consultants Ltd,"Suite 2, Ground floor",Blount House,"Hall Court, Hall Park Way",Telford,Shropshire,TF3 4NQ,United Kingdom
APPS (UK) LTD,Paisley Works,14 Windover Road,Huntingdon,Cambridgeshire,,PE29 7EB,United Kingdom
Apsolut UK Ltd,Sierra Quebec Bravo,Wyndham House,189 Marsh Wall,London,,E14 9SH,United Kingdom
Aquaflow Drainage Services Limited,Denton Farm,Denton,,Canterbury,,CT4 6NS,United Kingdom
"Aramark UK, Aramark Offshore Global and Aramark Defence Services Ltd",Ascent 4,2 Gladiator Way,Farnborough Aerospace Centre,Farnborough,,GU14 6XN,United Kingdom
Arcmaster Ltd,Unit C3 South Orbital Trade Park,Hedon Road,,Hull,,HU9 1NJ,United Kingdom
Arden Windows Limited,Arden House,Sparkbrook Street,,Coventry,,CV1 5ST,United Kingdom
Armorduct Systems Ltd,G2 Prime Point,Dandy Bank Road,The Pensnett Estate,Kingswinford,Staffordshire,DY6 7TD,United Kingdom
Armour Hart Group Ltd,"Laurels Court, Rock Road",Borough Green,Sevenoaks,Kent,,TN15 8RD,United Kingdom
Artemis Analytical Ltd T/A The Water Professor,Schuster Building,Brunswick Street,,Manchester,,M13 9PL,United Kingdom
AS Design & Engineering Limited,"Suite 14, Parkway 2",Parkway Business Centre,,Manchester,,M14 7HR,United Kingdom
AS Miles Consulting Limited,The Old Rectory,Main Street,Glenfield,Leicester,,LE3 8DG,United Kingdom
Ashton Fire Limited,Commerce House,Telford Rd,,Bicester,,OX26 4LD,United Kingdom
Aspire Housing Ltd,Kingsley,The Brampton,,Newcastle under Lyme,,ST5 0QW,United Kingdom
Assent....,Assent House,4 Navigation Court,Calder Park,Wakefield,West Yorkshire,WF2 7BJ,United Kingdom
Asset Protection Group...,"Suite 2, 720 Mandarin Court Centre Park",,,Warrington,,WA1 1GG,United Kingdom
Astra Group,The Works,Tame Street,,Stalybridge,United Kingdom,SK15 1ST,
Astute Healthcare Limited,Unit 1 Bilton Road,Cadwell Business Estate,,Hitchin,,SG4 0SB,United Kingdom
AT Jones & Son Ltd,9 The Gardens,Broadcut,,Fareham,Hampshire,PO16 8SS,United Kingdom
Atebol Cyfyngedig,Adeiladau'r Fagwyr,Llandre,,Aberystwyth,,SY24 5AQ,United Kingdom
Atlantic Pumps Ltd,Carrwood Road,,,Chesterfield,,S41 9QB,United Kingdom
Auto-Masters Limited,Unit 11 Graphite Way,Hadfield,,Glossop,Derbyshire,SK13 1QH,United Kingdom
Automatic Flare Systems Ltd,"Unit 8, Ensign Business Centre",Westwood Business Park,,Coventry,,CV4 8JA,United Kingdom
AVC One Ltd,Unit B Fourth Dimension,Fourth Avenue,,Letchworth Garden City,Hertfordshire,SG6 2TD,United Kingdom
Avid Services Ltd,"Unit 6A, 11-12 Baldock Industrial Estate",London road,Baldock,Herts,,SG7 6NG,United Kingdom
B A Rescue Limited,Unit 1 Staunton Court Business Park,Ledbury Road,,Staunton,Gloucester,GL19 3QS,United Kingdom
B Team Limited,Unit 3 Senate Place,Whitworth Road,,Stevenage,,SG1 4QS,United Kingdom
B5 Construction Ltd,145 Bargates,,,Leominster,,HR6 8QS,United Kingdom
Barwin Holdings Ltd Incorporating Barwin Property Services Limited,Unit 10 Upminster Trading Park,Warley Street,,Upminster,Essex,RM14 3PJ,United Kingdom
Bathgate Flooring Ltd,"Unit 6 E, F, G Thorn Business Park",Rotherwas,,Hereford,,HR2 6JT,United Kingdom
Baxter Kelly Ltd,2 Parker Court,Staffordshire Technology Park,Dyson Court,Stafford,,ST18 0WP,United Kingdom
BBS Brick & Stone Ltd,"BBS Head Office, Wharfe House",Wharfebank Mills,Ilkley Road,Otley,West Yorkshire,LS21 3JP,United Kingdom
BDL Fire Protection Limited,Unit 1 The Reprise Centre,Bens Court,Knowsley Business Park,Prescot,,L34 9HH,United Kingdom
Beacon Fire Protection Limited,"Unit 6b, Redhills Business Park",,,Penrith,Cumbria,CA11 0DT,United Kingdom
"Beacon Group International T/A Addex Group, Dust Arrest and Airflo Dynamics",Innovation House,Mansion Hill,Middleton Cheney,Banbury,,OX17 2PR,United Kingdom
BEC (Midlands) Ltd,26 Bills Street,Darlaston,,Wednesbury,,WS10 8XB,United Kingdom
Bee Services Ltd,Warlies Park House,Horseshoe Hill,Waltham Abbey,Upshire,,EN9 3SL,United Kingdom
Bennington Green Ltd,County Gates House,300 Poole Road,,Poole,Dorset,BH12 1AZ,United Kingdom
Birmingham Optical Group Limited,Unit 4,Gravelly Industrial Estate,,Birmingham,,B24 8HZ,United Kingdom
Black Cat Building Consultancy Ltd,The Lightwell,61-63 Brown Street,,Manchester,,M2 2JG,United Kingdom
Blade Tooling Company Ltd,Units 1 Keytec 7 Business Park,6 Aintree Rd,,Pershore,,WR10 2JN,United Kingdom
Blantyre Park Services Ltd,10 Hornal Road,Bothwell Industrial Park,,Uddingston,,G71 7EE,United Kingdom
Bloc Commercial Interiors Limited,The Long Barn,Down Farm,Cobham Park Road,Surrey,,KT11 3NE,United Kingdom
Blockfoil Limited,Greengate Industrial Estate,Greenside Way,Middleton,Manchester,,M24 1SW,United Kingdom
Blou Dynamic Limited,Moor Place,1 Fore Street Avenue,,London,,EC2Y 9DT,United Kingdom
BLP (Northern) Ltd,North Tyne Industrial Estate,Whitley Road,Benton,Newcastle,,NE12 9SZ,United Kingdom
Bluetree Group Limited,"Unit A,B & C - Brookfields Park",Manvers Way,Wath upon Dearne,Rotherham,,S63 5DR,United Kingdom
Bluseal Limited,"Unit P, Blackpole East",,,Worcester,,WR3 8SG,United Kingdom
BM Packaging Ltd,Crosland Road Industrial Estate,Netherton,,Huddersfield,,HD4 7DQ,United Kingdom
Bob Pedley Safety Services Limited,Unit 8 Conway Industrial Park,Skull House Lane Appley Bridge,,Wigan,Lancashire,WN6 9DW,United Kingdom
Bohr Limited,The Curve,Diamond Way,Stone Business Park,Stone,,ST15 0SD,United Kingdom
Bondloc (UK) Ltd,Bewdley Business Park,Long Bank,,Bewdley,Worcestershire,DY12 2TZ,United Kingdom
Booker Hill Projects Ltd,44 Carter Street,,,Uttoxeter,,ST14 8EU,United Kingdom
Border Archaeology Ltd,The Plaza,Owen Way,Leominster Enterprise Park,Leominster,,HR6 0LA,United Kingdom
Boss Design Limited (Boss Design Group),Building 44,Second Avenue,Pensnett Trading Estate,Dudley,,DY6 7UX,United Kingdom
Bowker Sadler Partnership Ltd,Hatherlow House,Hatherlow,Romiley,Stockport,,SK6 3DY,United Kingdom
Bramble Energy Limited,Atrium Court,Tilgate Business Park,Brighton Road,Crawley,,RH11 9BP,United Kingdom
Brentwood Auto Spares Ltd,Yard 2,Pools Lane,,Chelmsford,Essex,CM1 3QL,United Kingdom
Brick Fabrication Ltd,Gemini Works Estate Road,Pontnewynydd,,Pontypool,,NP4 6YW,United Kingdom
Bridge Media Productions Ltd,Saint Clere,1 Lakeview Stables,Kemsing,Sevenoaks,,TN15 6NL,United Kingdom
Brightstar Shotblasting and Coatings Limited,Newhall Road,,,Sheffield,South Yorkshire,S9 2QL,United Kingdom
Brightwell Systems Ltd,Saggar House,Princes Drive,Worcester,Worcestershire,,WR1 2PG,United Kingdom
Bristol Fluid System Technologies Ltd T/A Swagelok Central,Unit 7 Orpen Park,Ash Ridge Road,"Bradley Stoke,",Bristol,Avon,BS32 4QD,United Kingdom
Brite Start FM Limited,36 Station Road,,,Wem,,SY4 5BH,United Kingdom
Bronte Valves Ltd,"Unit 2 &, 3A South Street",,,Halifax,,HX1 2EL,United Kingdom
Brothers-EMR Limited,"Units 18, 23 & 24 Chelworth Industrial Estate",Chelworth Park,,Wiltshire,,SN6 6HE,United Kingdom
Build2Design Ltd,Five Oaks Stables,Layhams Road,,Keston,,BR2 6AR,United Kingdom
Builderstorm Limited,5 Brayford Square,,,London,,E1 0SG,United Kingdom
Burmor Construction Limited,Burmor House,Sunderland Road,"Northfields Industrial Estate, Market Deeping",Peterborough,,PE6 8FD,United Kingdom
Business Management Systems Limited,(64) Deansway,,,Bromsgrove,Worcestershire,B61 7PF,United Kingdom
Buston and Maughan Limited,"Unit 11, St Stephen Court",Low Willington Industrial Estate,,Crook,Durham,DL15 0BF,United Kingdom
Buxton Press Limited,Palace Road,,,Buxton,Derbyshire,SK17 6AE,United Kingdom
C&S Facilities Management T/A C&S Group,351 Main Street,Blantyre,,Glasgow,,G72 0DJ,United Kingdom
CA Cornish & Associates Ltd,2nd Floor,27 Greville Street,,London,,EC1N 8SU,United Kingdom
Cab Glazing Services Ltd,Unit 4 Stafford Park 12,,,Telford,Shropshire,TF3 3BJ,United Kingdom
Calabash Group Services Ltd,"Unit 40, Woodside Industrial Estate",Thornwood,,Epping,Essex,CM16 6LJ,United Kingdom
Calcom Holdings Ltd,The Old Workshop,Hortham Farm,,Bristol,,BS32 4JW,United Kingdom
Calderdale Council,Calderdale Council,Princess Buildings,,Halifax,,HX1 1TS,United Kingdom
Callingham Associates Limited,Hearsall Lane Studios,2 Hearsall Lane,,Coventry,,CV5 6QR,United Kingdom
Calpeda Limited,6-8 Wedgwood Road Industrial Estate,,,Bicester,Oxfordshire,OX26 4UL,United Kingdom
Calverts North Star Press Limited t/a Calverts,9 -10 The Oval,,,London,,E2 9DT,United Kingdom
Cam-Tec Systems Limited,2 Maple Way,Newton Aycliffe Business Park,,Co Durham,,DL5 6BF,United Kingdom
Cambridge Office Environments Ltd incorporating COEL...,11 Nuffield Road,,,Cambridge,,CB4 1TF,United Kingdom
Campion Homes Ltd,Pitreavie Drive,Pitreavie Business Park,,Dunfermline,,KY11 8US,United Kingdom
Cantifix Limited,"Unit 22, Garrick Industrial Estate",Irving Way,,London,,NW9 6AQ,United Kingdom
Capitol Cleaning & Support Services,Unit 31 Woodside Trading Estate,Thornwood Common,,Epping,Essex,CM16 6LJ,United Kingdom
Caprari Pumps (UK) Ltd,"Caprari House, Bakewell Road",Orton Southgate,,Peterborough,Cambridgeshire,PE2 6XU,United Kingdom
Capricorn Blinds Ltd,Unit 36 Monkspath Business Park,Highlands Road,Monkspath,Solihull,,B90 4NZ,United Kingdom
Carbon Rewind Ltd,"Axis, Building 2,",Rhodes Way,,Watford,Hertfordshire,WD24 4YW,United Kingdom
Cardboard Box Company Ltd,Petre Rd,Clayton Park Enterprise Centre,Clayton-Le-Moors,Accrington,Lancs,BB5 5JB,United Kingdom
Carson Powell Construction Ltd,Building 103,Campbell Road,,Stoke-on-Trent,Staffordshire,ST4 4DE,United Kingdom
Carve Interiors Limited,Units 9-11 Ohio Grove,Hot Lane Industrial Estate,,Burslem,Stoke on Trent,ST6 2BL,United Kingdom
Castle Kelly Utilities Limited,The Brickfields,Oxhey Lane,Watford,Herts,,WD19 5RJ,United Kingdom
CBL Supplies Ltd,Unit A2 Halesfield 13,,,Telford,,TF7 4PL,United Kingdom
CC Contracting Ltd,Pedmore House,Pedmore Road,Lye,Stourbridge,,DY9 8DG,United Kingdom
CCS Scaffolding Ltd,Stonebridge Road,,,Gravesend,Kent,DA11 9BA,United Kingdom
CDL Group Limited,1 Vestry Road,Sevenoaks,,Kent,,TN14 5EL,United Kingdom
Cemento Ltd,"Unit 2, Hardess Industrial Estate",Hardess Street,,London,,SE24 0HN,United Kingdom
Central Doorset Manufacturing Ltd,"1A Mill Hill, North West Industrial Estate",,,Peterlee,,SR8 2HR,United Kingdom
Cepha Controls Limited,2 De Salis Court,Hampton Lovett Industrial Estate,,Droitwich,,WR9 0QE,United Kingdom
CF Services,"35 Glenburn Road,",College Milton Industrial Estate,"East Kilbride,",Glasgow,,"G74 5BA,",United Kingdom
CFCS Analytical Services Limited,Clement Cottage,Gwern Y Brenin,,Oswestry,,SY10 8AP,United Kingdom
Chain Products Ltd,Stirling Park,Stirling Road,,Solihull,West Midlands,B90 4NE,United Kingdom
Chainstream (UK) Ltd,196 Morland Road,,,Croydon,,CR0 6NF,United Kingdom
Chartered Association of Building Engineers,Lutyens House,Billing Brook Road,Weston Favell,Northampton,,NN3 8NW,United Kingdom
Chello,"Unit D, Homme Castle",Shelsley Walsh,,Worcester,,WR6 6RR,United Kingdom
Chemsol Cymru Limited,Conwy Morfa Business Park,Sam Pari Road,,Conwy,,LL32 8HH,United Kingdom
CHH Conex Limited,4 Holford Way,Witton,,Birmingham,,B6 7AX,United Kingdom
Chilfen Joinery Ltd,Unit 1 Flint Road,,,Letchworth,Herts,SG6 1HJ,United Kingdom
Chrisbeon Office Supplies,Unit B2 & B3 Stafford Park 4,,,Telford,Shropshire,TF3 3BA,United Kingdom
Christchurch Timber & Trading Ltd,1 Stour Road,,,Christchurch,Dorset,BH23 1PL,United Kingdom
Christmas Creations Ltd,Chestnut Barn,Blackbirds Farm,Blackbirds Lane,"Aldenham, Watford",,WD25 8BS,United Kingdom
Chroma Group Ltd,Unit 8 Ely Road,Theale,,Reading,Berkshire,RG7 4BQ,United Kingdom
Cimtek Engineering Ltd,"Units G2 & G3, Court Works Industrial Estate",Bridgnorth Road,Madeley,Telford,,TF7 4JB,United Kingdom
"City, University of London",Properties Department,Northampton Square,,London,,EC1V 0HB,United Kingdom
Clad Design Resource Limited,The Mille,1000 Great West Road,Brentford,Middlesex,,TW8 9DW,United Kingdom
Clarke Banks,3 Abbey Lane Court,,,Evesham,Worcestershire,WR11 4BY,United Kingdom
Clifford James Consultants Limited,Bearl Farm,,,Stocksfield,,NE43 7AL,United Kingdom
Climavent Systems Ltd,Unit R Yew Tree Trading Estate,Kilbuck Lane,Haydock,Merseyside,,WA11 9UX,United Kingdom
COA Network Ltd,"COA Network Ltd,",18 Buckingham Road,,Richmond,,TW10 7EQ,United Kingdom
Cole Groundworks Contracts Ltd,135 Kilbroney Road,Rostrevor,,Newry,,BT34 3BW,United Kingdom
Commercial Vehicle Linings Limited,1 Hopesay Hill Road,Craven Arms Business Park,,Craven Arms,Shropshire,SY7 8BW,United Kingdom
Commodore Kitchens Ltd,Acorn House,Gumley Road,Grays,Essex,,RM20 4XP,United Kingdom
Community Wood Recycling,"NCWRP, 97 Church Street",,,Brighton,,BN1 1UJ,United Kingdom
Concept Care Solutions Limited,58 High Street,,,Watford,Herts,WD17 2BS,United Kingdom
Confrere Building Control Ltd,Cutter Mill,Tileyard North,,Wakefield,,WF1 5FT,United Kingdom
Consortiq Ltd,Airport House,Purley Way,Croydon,London,,CR0 0XZ,United Kingdom
Construction Muzzy Limited,"Theobalds Business Park, Innovation Place",Platinum Way,Cheshunt,Waltham Cross,,EN8 8YD,United Kingdom
Consult Design Manage Ltd,Unit 3 New Cross Industrial Estate,Brickheath Road,,Wolverhampton,,WV1 2RZ,United Kingdom
Contented Ltd,33b Government Row,,,Greater London,,EN3 6JN,United Kingdom
Contract Energy Management Limited,Commerce Road,Brentford,,Middlesex,,TW8 8LG,United Kingdom
Copperstone Projects Limited,92 Albert Embankment,,,London,,SE1 7TY,United Kingdom
Corgin Limited,Tollgate Drive,Tollgate Industrial Estate,,Stafford,,ST16 3HS,United Kingdom
Corroconsult UK Ltd,The Kiosk,Overley,,Telford,Shropshire,TF6 5HD,United Kingdom
Corrosion Management Ltd,5 Church Park Cottages,Holne,,Newton Abbott,,TQ13 7SG,United Kingdom
Corrugated Box Supplies Limited,6 Brunel Road,Manor Trading Estate,,Benfleet,,SS7 4PS,United Kingdom
Cowie Engineering Limited,3 Telford Place,,,Cumbernauld,,G67 2NH,United Kingdom
Craig & Parsons Ltd,Unit 3 & 4 North Close,Shorncliffe Industrial Estate,,Folkstone,Kent,CT20 3UH,United Kingdom
Creative Vehicle Wrapping Limited,Unit 14-15 Norton Canes Business Park,Norton Green Lane,,Cannock,Staffordshire,WS11 9SS,United Kingdom
Critec Power Ltd,93 Seagrave Road,Sileby,,Loughborough,,LE12 7TW,United Kingdom
Cross Rental Limited...,Unit 9 Harewood Farm,Andover Down,London Road,Andover,Hampshire,SP11 6LJ,United Kingdom
CSD Air Conditioning Ltd,11-13 Second Avenue,,,Clydebank,,G81 3BD,United Kingdom
CTS Environmental Management Ltd and Central Trees Ltd,Unit 2,Trickley Coppice Farm,Coppice Lane,Tamworth,,B78 2BU,United Kingdom
Cubicle Washroom Systems Ltd,Gore Road Industrial Estate,,,New Milton,,BH25 6SA,United Kingdom
Cubiquity Limited,Bourne House,475 Godstone Road,Whyteleafe,Surrey,,CR3 0BL,United Kingdom
"Curve Workplaces Ltd, Furniture Forum Ltd and Forum Lighting Ltd",The Lightbox,Willoughby Road,,Bracknell,,RG12 8FB,United Kingdom
CWB Communications Limited,60 College Road,,,Ripon,,HG4 2HA,United Kingdom
D & T Surfacing and Civils Limited,248a Godstone Road,Whyteleafe,,Surrey,,CR3 0EF,United Kingdom
D5 Architects LLP,71-77 Coventry Street,,,Birmingham,,B5 5NH,United Kingdom
DACI Utilities Engineering Consultancy Ltd,1 Caxton House,1 Caxton Street,,Salford,Manchester,M3 5AZ,United Kingdom
Dalesauna Ltd,Jubilee Court,Wath Lane,Copgrove,Harrogate,North Yorkshire,HG3 3TB,United Kingdom
Dams Furniture Ltd,Gores Road,Knowsley Industrial Park,Knowsley,Liverpool,,L33 7XS,United Kingdom
Darley Limited,Darley Limited,Wellington Road,Burton upon Trent,Staffordshire,,DE14 2AD,United Kingdom
Data Power Ltd,C/O Oxygen Accountancy,2 The Coach House,Hatton House,Warwick,,CV35 7LD,United Kingdom
Davro Site Services Ltd t/a Davlav,Davro House,Granites Farm,Granites Chase,Billericay,Essex,CM11 2UQ,United Kingdom
DB Cargo UK Limited,"Lakeside Business Park,","Carolina Way,",,"Doncaster,",,DN4 5PN,United Kingdom
DDC Engineering Solutions Limited,3 Element Court,Hilton Cross Business Park,Featherstone,Wolverhampton,,WV10 7QZ,United Kingdom
DDI Projects Ltd,23 Haviland Road,Ferndown Industrial Estate,,Wimbourne,,BH21 7SA,United Kingdom
Deep Contractors Ltd & Deep Steelwork & Architectural Ltd,14 Linden Square,Harefield,,Uxbridge,,UB9 6TQ,United Kingdom
Deep GRC London Limited,14 Linden Square,Harefield,,Uxbridge,,UB9 6TQ,United Kingdom
DEFRA,Horizon House,Deanery Road,,Bristol,,BS1 5AH,United Kingdom
Dental Warehouse Limited,C1 Sapphire Court,Isodore Road,Bromsgrove Technology Park,Bromsgrove,,B60 3FJ,United Kingdom
Denton Contractors Groundworks Ltd,5 Jupiter House,Calleva Park,,Aldermaston,Reading,RG7 8NN,United Kingdom
Derby Engineering Unit Limited,Unit 22 Riverside Park,East Service Road,Raynesway,Derby,,DE21 7RW,United Kingdom
Derbyshire Welding & Fabrication Ltd,Unit 1-2 The Cedars,Moor Farm Road,Airfield Industrial Estate,Ashbourne,Derbyshire,DE6 1HD,United Kingdom
Detect & Protect Ltd,"Unit 9, Newton Court, Pendeford Business Park",Pendeford Place,Wobaston Road,Wolverhampton,West Midlands,WV9 5HD,United Kingdom
Dewsbury & Proud Limited,Biddings Lane,,,Coseley,West Midlands,WV14 9NN,United Kingdom
Diamond and Company (Scotland) Limited,Lower Ground,140 West George Street,,Glasgow,,G2 2HG,United Kingdom
Digaprint Limited,Unit 7 Woodingdean Business Park,Sea View Way,,Brighton,East Sussex,BN2 6NX,United Kingdom
Direct Digital Controls Ltd,1 Shaw House,Two Woods Lane,,Brierley Hill,,DY5 1TA,United Kingdom
Direct Distribution Services including Sky-Blue Inflight Ltd,Unit 2,Barrett Court,70 Cardiff Road,Reading,Berkshire,RG1 8ED,United Kingdom
Direct Foils Limited,18 The Burlings,,,Ascot,Berkshire,SL5 8BY,United Kingdom
Direct Manufacturing Limited,Unit 10 Cross Green Approach,,,Leeds,West Yorkshire,LS9 0SG,United Kingdom
Discreet Security Limited,58 East Anglian Way,Gorleston,,Great Yarmouth,Norfolk,NR31 6QY,United Kingdom
DLH Autorecyclers Limited,Cornish Way Business Park,North Walsham,,Norfolk,,NR28 0FE,United Kingdom
DMR Surveyors Ltd T/A DMR Consultancy,102 Colmore Row,Care of 6 Bennett's Hill,,Birmingham,,B2 5ST,United Kingdom
Doctor Air Brake Limited,Dr Air Brake,Unit 2 Parkside Garages,Old Stafford Road,Coven,Wolverhampton,WV10 7PH,United Kingdom
Doe Sport (North) Limited,Quayside House,Dock Road,Methil Dock Business,Methil,Fife,KY8 3SR,United Kingdom
Doggett Printers Ltd T/A Doggett Group,"Building 3A, Greenmount Industrial Estate",Harold's Cross,,Dublin,,12,Ireland
Domestic Sprinklers Ltd,Unit 16/17 Hamm Beach Road,Portland Marina,Portland,Dorset,,DT5 1DX,United Kingdom
Doxford Engineering Ltd,2 Oakdale,,,Sunderland,,SR3 2FJ,United Kingdom
Dragon Recycling Solutions Ltd ta Dragon RS,Unit 2 Tafarnaubach,,,Tredegar,,NP22 3AA,United Kingdom
Dudley College,The Broadway,,,Dudley,Staffordshire,DY1 4AS,United Kingdom
DWG Infraco Ltd,Unit 1 Royal Way,,,Loughborough,Leicestershire,LE11 5XR,United Kingdom
DX (Group) Limited,Ditton Park,Riding Court Road,,Datchet,Berkshire,SL3 9LL,United Kingdom
E & M Lifts Ltd,"Unit 20, Castle View Business Centre",Gas House Road,,Rochester,,ME1 1PB,United Kingdom
E.L.T.I. (UK) Limited,19 The Circle,Queen Elizabeth Street,,London,,SE1 2JE,United Kingdom
E4 Environment Ltd,Hilley Farm,,,Pentre,Shropshire,SY4 1BP,United Kingdom
Earnshaw Engineering Ltd,Unit 2 Barton Park Industrial Estate,,,Eastleigh,Hampshire,SO50 6RR,United Kingdom
Earth and Sun Ltd,Holmwood farm,Ticehurst,,Wadhurst,,TN5 7JR,United Kingdom
Easilume Ltd,Unit 11 Kingsmead,Station Road,,Kings Cliffe,Peterborough,PE8 6YH,United Kingdom
Eberspächer (UK) Ltd,Climate House,Yeoman Road,,Ringwood,,BH24 3FA,United Kingdom
Ebor Mills Ltd t/a Ebor Mills Building Control Approvers,Unit 9 Umberslade Business Centre,Pound House Lane,Hockley Heath,Solihull,,B94 5DF,United Kingdom
EC2i Ltd,19 Aviation Way,,,Southend-on-Sea,Essex,SS2 6UN,United Kingdom
Eco Doors and Joinery Ltd,Units 5 & 6 Chancel Way,Halesowen Industrial Estate,,Halesowen,,B62 8SE,United Kingdom
Eco Metering Solutions Ltd,Unit 3,Millbrook Business Park,"Hoe Lane, Nazeing",Essex,,EN92RJ,United Kingdom
Ecoms Utilities Ltd,Unit D2 The Courtyard Alban Park,,,St Albans,,AL4 0LA,United Kingdom
EDI Surveys Limited,163 Ranelagh Road,,,Ipswich,Suffolk,IP2 0AH,United Kingdom
EF Corporate Learning,22 Chelsea Manor Street,,,London,,SW3 5RL,United Kingdom
EFS Systems UK Ltd,"Unit 31 8, Pant Industrial Estate",Dowlais,,Merthyr Tydfil,Mid Glamorgan,CF48 2SR,United Kingdom
EJD Forestry Limited,Cringles View,Langbar,,Ilkley,West Yorkshire,LS29 0EP,United Kingdom
Elecosoft UK Ltd,Parkway House,"Haddenham Business Park, Pegasus Way",Haddenham,Aylesbury,Buckinghamshire,HP17 8LJ,United Kingdom
Electrajet Limited,2C Mid Road,Cumbernauld,,Glasgow,,G67 2TT,United Kingdom
Electrical and Technical Services Ltd (ETS),Unit 1E,Langlands Commercial Park,Kelvin South,East Kilbride,,G75 0RH,United Kingdom
Electrification Construction Services Ltd,Wheelock Heath Business Court,Alsager Road,,Winterley,Cheshire,CW11 4RQ,United Kingdom
Electro Technical & Testing Solutions Ltd,"Rhiw Farm, Rosebush",Clynderwen,,Dyfed,,SA66 7RH,United Kingdom
Electronic Handling Limited incorporating HDS Freight Services Limited,Unit 4,"Causeway Central, Causeway Park",Lovett Road,Staines-Upon-Thames,,TW18 3AZ,United Kingdom
Elegance Solutions Limited,"Unit 5 & 6, Block A7",Coombs Wood Way,,Halesowen,West Midlands,B62 8BH,United Kingdom
Elite Tube Limited,Units 14 & 15 Prothero Works,Bilport Lane,,Wednesbury,West Midlands,WS10 0NT,United Kingdom
Elmcroft Construction Ltd,12 Greycaine Road,,,Watford,,WD24 7GG,United Kingdom
Elodiz Limited,Unit 29,Riverside Business Centre,Victoria Street,High Wycombe,,HP11 2LT,United Kingdom
Elsym Installations Ltd, Units 1 & 2 Paget Street,,,Burton on Trent,Staffordshire,DE14 3TQ,United Kingdom
Emsea Limited,Unit 1 - 5 Green Lane,,,Tewkesbury,Gloucestershire,GL20 8HD,United Kingdom
Energetika Industry Solutions Limited,The Courtyard 225 Denby Dale Road,Wakefield,,West Yorkshire,,WF2 7AJ,United Kingdom
"Energy Specifics Group incorporating Compliance Specifics, Design Specifics, Energy Specifics and En","Unit A3, Gateway Tower,",32 Western Gateway,,London,,E16 1YL,United Kingdom
enGauged Limited,11 Macon Court,Herald Drive,Crewe,Cheshire,,CW1 6EA,United Kingdom
Engineering Maintenance Supplies Limited,Unit E3,Halesfield 5,,Telford,,TF7 4QJ,United Kingdom
Engineering Technology Group,Wellesbourne Distribution Park,Unit 16 Loxley Road,Wellesbourne,Warwickshire,,CV35 9JY,United Kingdom
Enviro-Strip GB Limited,Unit 7E,Claymore,Wilnecote,Tamworth,Staffordshire,B77 4DQ,United Kingdom
Envirocraft Waste Solutions Ltd,Insight House,Denton Drive,,Northwich,,CW9 7LU,United Kingdom
"Environmental Protection Strategies Ltd, including EPS (Leeds) Ltd & EPS Geomatics (Bristol) Ltd","Unit 7B, Caxton House",Broad Street,Great Cambourne,Cambridge,Cambridgeshire,CB23 6JN,United Kingdom
Equip Midlands Limited,Byron Street Works,,,Buxton,Derbyshire,SK17 6NU,United Kingdom
Eton Environmental Group Ltd,1 Trinity Court,Faverdale North,,Darlington,,DL3 0PH,United Kingdom
Eumar Technology Limited Incorporating Ubersorb Limited,"Suite A, Whitestone Business Park",Whitestone,,Hereford,,HR1 3SE,United Kingdom
Euroart UK Ltd,"Unit K1, Glenfield Business Park1",Philips Road,,Blackburn,,BB1 5PF,United Kingdom
Eurobrass Limited,Euro House,121 Witton Lane,,West Bromwich,,B71 2AE,United Kingdom
Euroken Supplies Ltd,Unit 51-53 Sapcote Trading Centre,374 High Road,Willesden,London,,NW10 2DJ,United Kingdom
Europhoenix Rail Ltd,15 Towcester Road,Old Stratford,,Milton Keynes,,MK19 6AN,United Kingdom
EvadX Limited,St Asaph Avenue,Unit 9 Tir Llwyd Enterprise Park,Kimmel Bay,Rhyl,North Wales,LL18 5JZ,United Kingdom
Evans & White Manufacturing Ltd,Unit A & C Dawley Brook Road,Kingswinford,,Dudley,,DY6 7AS,United Kingdom
Everscope Ltd,Green Acres Heath Ride,Finchampstead,,Wokingham,,RG40 3QN,United Kingdom
Evolution Water Services Limited,Unit 7 Beech Court,Wokingham Road,,Hurst,Berkshire,RG10 0RQ,United Kingdom
Evolve Group TRS Ltd,Sandfold House,Sandfold Lane,,Levenshulme,,M19 3BJ,United Kingdom
Evtec Aluminium Ltd,Chelmarsh,Daimler Green,,Coventry,,CV6 3LT,United Kingdom
Excalibur Cleaning Limited,"Unit 1, Index House",Midhurst Road,,Liphook,,GU30 7TN,United Kingdom
"Excel Parking Services Limited, inc Vehicle Control Services Limited & ANPR International Limited",7 Europa View,Sheffield Business Park,,Sheffield,,S9 1XH,United Kingdom
exi Group Holdings Limited TA exi,111 Berkeley Road South,Earlsdon,,Coventry,,CV5 6EF,United Kingdom
Facilities and Corporate Solutions Limited (T/A FCS Laser Mail and Perspektiv),"Wood Lane,","Erdington,",,"Birmingham,",,B24 9QL,United Kingdom
Faraday Predictive Ltd,Heathgate House,Langton Road,,Tunbridge Wells,Kent,TN3 0BA,United Kingdom
Fastbox Ltd,Unit 2 & 3,Caradon Works Haigh Park Road,,Leeds,West Yorkshire,LS10 1RT,United Kingdom
FCS Facades Limited,The Flint Barn,Glovers Close,Biggin Hill,Kent,,TN16 3GA,United Kingdom
Fellows International Group Ltd,205 Regent Street,,,London,,W1B 4HB,United Kingdom
Fenix Insight,Borers Yard,Copthorne,,Crawley,,RH10 3LH,United Kingdom
FGD Ltd,Smestow Bridge,Bridgnorth Road,,Wombourne,Staffordshire,WV5 8AY,United Kingdom
FHPP Ltd,"Quayside House, Furnival Road",,,Sheffield,,S4 7YA,United Kingdom
Fieldair Ltd,Unit D7 Moorbridge Road Industrial Estate,,,Bingham,,NG13 8GG,United Kingdom
Filter Integrity Limited,NETpark Plexus,Thomas Wright Way,,Sedgefield,County Durham,TS21 3FD,United Kingdom
"Fire Aid International Training Ltd, Fire Aid Academy Ltd, and Pro-Fire (UK) Ltd",Hythe Marine Park,Shore Road,,Hythe,Southampton,SO45 6HE,United Kingdom
Fire and Smoke Solutions Ltd,26 Cloister Crofts,,,Leamington Spa,Warwickshire,CV32 6QQ,United Kingdom
Fire Door Inspection Solutions. (FDIS).,Ovi House,Ratcher Way,Mansfield,Nottinghamshire,,NG19 0FS,United Kingdom
First Action Drainage Services Limited,Unit 1 Taylors Farm,The Street,Takeley,Nr Bishops Stortford,Herts,CM22 6LY,United Kingdom
First Choice Drainage Solutions Ltd,Unit 4 Kingston Farm,Down Hall Road,Matching,Harlow,,CM17 0RB,United Kingdom
FiveRivers Environmental Contracting Ltd,East Farm,Codford,,Warminster,,BA12 0PG,United Kingdom
Fixfirm Limited,Pyke Road,Whisby Road,,Lincoln,,LN6 3QS,United Kingdom
Fixmart Limited,Unit S,Springhead Enterprise Park,,Northfleet,Kent,DA118HJ,United Kingdom
Fizz Experience Limited,The Atrium,Curtis Road,,"Dorking,","Surrey,",RH4 1XA,United Kingdom
Flatt Consulting Limited,Hillside House,204B Godstone Road,Caterham,Surrey,,CR3 6RD,United Kingdom
Fleet Architects Ltd,61 Mare Street,Hackney,,London,,E8 4RG,United Kingdom
Fleet Parts Limited,New Cut Industrial Estate,New Cut Lane,Woolston,Warrington,Cheshire,WA1 4AG,United Kingdom
Flex EJ Ltd & MMPI Ltd,Factory 2,Morgan Rushworth Industrial Estate,Bromley Street,Stourbridge,,DY9 8HY,United Kingdom
FODER (FORÊTS ET DÉVELOPPEMENT RURAL),B.P,11 417,,Yaounde,,,Cameroon
Formation Media Limited,Unit 2 St Georges House,Cape Road,,Warwick,,CV34 5DJ,United Kingdom
Formed Group Ltd,Head Office 2 Crofton Road,Allenby Road Industrial Estate,,Lincoln,,LN3 4NL,United Kingdom
Forza Doors Ltd,"Unit 24A, 24C Star Road",Partridge Green,,Horsham,West Sussex,RH13 8RA,United Kingdom
Frem Group Ltd,Concept House,Upton Valley Way East,Pineham Business Park,Northampton,,NN4 9EF,United Kingdom
Frith Resource Management Ltd,55a Unit 2,High Street,,Bridgnorth,,WV16 4DX,United Kingdom
Furndeco Limited,2 Marconi Drive,,,Quedgeley,Gloucester,GL2 2AH,United Kingdom
Fusion Partitions Ltd,Unit 6 I.O Centre,Salbrook Road Industrial Estate,Salfords,Surrey,,RH1 5GJ,United Kingdom
G & V Gallagher Ltd,"Crossroads, Sywell Road",Holcot,,Northampton,,NN6 9SN,United Kingdom
G A Assembly Limited,Alma Works,Coke Hill,Westgate,Rotherham,,S60 2HX,United Kingdom
G B Springs Ltd,191 Lordswood Road,Harborne,,Birmingham,,B17 9BP,United Kingdom
G I Sykes Ltd,The Hayes,Lye,,Stourbridge,,DY9 8NX,United Kingdom
GA Interiors Ltd,Unit B5,Chaucer Business Park,Watery Lane,Kemsing,Sevenoaks,TN15 6QY,United Kingdom
Galton Bridge Holdings Ltd Inc Conveyor Units Ltd and Bridge Bearings Ltd,"Sandy Lane,",Titton,,Stourport-on-Severn,Worcestershire,DY13 9PT,United Kingdom
GAP Medical Solutions,Unit 6,Cambridge Mills Trading Estate,Dursley Road,Cambridge,Gloucestershire,GL2 7AA,United Kingdom
Garrick Sigma Engineering Ltd,9 Crowland Street Industrial Estate,,,Southport,,PR9 7RQ,United Kingdom
Gavin Watson Ltd,79-109 Glasgow Rd,Blantyre,,Glasgow,,G72 0LY,United Kingdom
GDL Air Systems Ltd,Air Diffusion Works,Woolley Bridge Road,Hadfield,Glossop,,SK13 1AB,United Kingdom
Gemini Control Systems Ltd,Unit B4 Trentham Trade Park,Stanley Matthews Way,,Stoke-on-Trent,,ST4 8GA,United Kingdom
Gen Drywall Limited including Gen Firestop Ltd,"Suite 1, Gatwick House",Peeks Brook Lane,,Horley,Surrey,RH6 9ST,United Kingdom
GenAir UK Ltd,Unit 2-3 Prothero Works,Bilport Lane,,Wednesbury,West Midlands,WS10 0NT,United Kingdom
Gentlecraft Limited,20 Nicholas Way,,,Northwood,,HA6 2TS,United Kingdom
GenX Medicare Ltd,Unit 5 Ray Street Enterprise Centre,Ray Street,,Huddersfield,,HD1 6BL,United Kingdom
Geogreen Solutions Limited T/A ABG Installs,E7 Meltham Mills Road,Meltham,,Holmfirth,,HD9 4DS,United Kingdom
Geomatic Survey & Measurement Services Limited,Building 18,Gateway 1000,Arlington Business Park,Stevenage,,SG1 2FP,United Kingdom
Geoptic Infrastructure Investigations Ltd,Beechcroft Barn,Pickaxe Ln,South Warnborough,Hook,,RG29 1SD,United Kingdom
Geotron UK Limited,Unit E201B Warmco Industry Park,Eastgate,Manchester Road,Ashton-under-Lyne,,OL5 9AY,United Kingdom
Getech Group PLC,Nicholson House,Elmete Hall,Elmete Lane,Leeds,,LS8 2LJ,United Kingdom
GFI Group Limited,The Media Centre,7 Northumberland Street,,Huddersfield,,HD1 1RL,United Kingdom
Givenergy Ltd,Osprey House Brymbo Road,Lymedale Business Park,,Newcastle,Staffordshire,ST5 9HX,United Kingdom
Glancy Nicholls Architects Limited,The Engine Room,2 Newhall Square,,Birmingham,,B3 1RU,United Kingdom
GN Surveys Limited,2 Pappus House,,,Colchester,Essex,CO3 8AQ,United Kingdom
Golden Bear Products Limited,Hortonwood 40,,,Telford,Shropshire,TF1 7EY,United Kingdom
Goodmans Metalworks Ltd,Private Road No 7,Colwick Industrial Estate,,Nottingham,,NG4 2JW,United Kingdom
Grafityp (UK) Limited,Grafitack House,Lichfield Road Industrial Estate,,Tamworth,Staffordshire,B79 7UL,United Kingdom
Graphic Business Forms Ltd,The Lodge,109 St Mary's Road,,Market Harborough,,LE16 7DT,United Kingdom
Green Deck Operations Limited,23 Cavendish Close,,,Waterlooville,Hampshire,PO7 7PP,United Kingdom
Green World Recycling Limited,"Unit 15, The Hayes Trading Estate",Folkes Road,,Stourbridge,West Midlands,DY9 8RG,United Kingdom
Greenford Ltd,Unit 1,London Road,Wheatley,Oxford,Oxfordshire,OX33 1JH,United Kingdom
"Greenstik Limited, incorporating Greenstik Materials",Unit 9 Lancaster Road,Carnaby Industrial Estate,,Bridlington,,YO15 3QY,United Kingdom
Group Silverline T/A Toolstream,Boundary Way,Lufton Trading Estate,,Yeovil,Somerset,BA22 8HZ,United Kingdom
GSD London Ltd,12B Canonbury Yard,191 New North Road,Islington,London,,N17BJ,United Kingdom
Gtechniq Ltd,"Unit 2, Bridge Business Park",Langfurlong Road,,Upper Heyford,Northamptonshire,NN7 3FA,United Kingdom
Gunite and Shotcrete Services Ltd,368 Omega Court Cemetery Road,Sharrow,,Sheffield,,S11 8FT,United Kingdom
GW Power-Safe Ltd,80 Scott Street,,,Hull,,HU2 8AP,United Kingdom
H.D. Services Ltd,Thorne Barton Farm,Chesham Road,,Ashley Green,Buckinghamshire,HP5 3PQ,United Kingdom
Hadron Group Ltd,Whitwick Business Park,Stenson Road,Coalville,Leicestershire,,LE67 4JP,United Kingdom
Haigh Rail Ltd,39 & 40 Momentum Place Off Nook Lane,,Bamber Bridge,Preston,Lancashire,PR5 6EF,United Kingdom
Hallgruppen Limited,Units 8 & 9 Wayfields Farm,Rownall Road,Wetley Rocks,Stoke-on-Trent,,ST9 0BP,United Kingdom
Halo Security Solutions (UK) Ltd,49 Acre Lane,Northampton,,Northamptonshire,,NN2 8BG,United Kingdom
Hansen Group Limited,"HUB 26, Lawrence House",Riverside Drive,,Cleckheaton,,BD19 4DH,United Kingdom
Harlequin Design (London) Ltd,Unit 2 Eastman Way,Pin Green Industrial Area,Stevenage,Hertfordshire,,SG1 4SZ,United Kingdom
Harrabin Construction Ltd,121 - 124 Far Gosford Street,,,Coventry,,CV1 5EA,United Kingdom
Harris Pipework Fabrications Ltd,Planetary Road,Willenhall,,Wolverhampton,,WV13 3SS,United Kingdom
Harrisons Building Services Limited,365-369 Bexley Road,Northumberland Heath,,Erith,Kent,DA8 3EZ,United Kingdom
Hayley 247 Engineering Services Ltd,Unit 1 Castlemill Works,Birmingham New Road,,Dudley,,DY1 4DA,United Kingdom
Hayley 24/7 Kings Lynn,"Unit 55, Oldmedow Road",Hardwick Industrial Estate,,King's Lynn,Norfolk,PE30 4JJ,United Kingdom
Hazlin of Ludlow Ltd,Station Works,Bromfield,,Nr Ludlow,Shropshire,SY8 2BT,United Kingdom
HCI Systems Ltd,"Unit 6D, 6E & 6F NI Park",,,Newport,Shropshire,TF10 9LH,United Kingdom
Heartbeat Manufacturing Co. (Redditch) Ltd,67 Arthur Street,,,Redditch,,B98 8JY,United Kingdom
Helyx SIS Ltd,Unit 2 Hanley Court,Brockeridge Business Park,Twyning,Tewkesbury,,GL20 6FE,United Kingdom
Henleys Medical Supplies Ltd,Brownfields Welwyn Garden City,,,Hertfordshire,,AL7 1AN,United Kingdom
"Herman Miller Ltd, also TA Herman Miller, Herman Miller UK & Herman Miller International",1 Portal Road,,,Melksham,,SN12 6GN,United Kingdom
Hi-Tech Fabrication Ltd,Bretby Business Park,Ashby Road,,Burton on Trent,Staffordshire,DE15 0YZ,United Kingdom
Hoists and Cranes UK Ltd,Unit 11 Melbury Business Park,Shaftesbury,,Dorset,,SP7 0AF,United Kingdom
Holland Architects Ltd T/A Jonathan Holland Architects,17 High Street,,,Kenilworth,Warwickshire,CV8 1LY,United Kingdom
Holtec Britain Limited,Leiston,,,Suffolk,,IP16 4US,United Kingdom
Home Appliance Guard Ltd T/A Zest,3 Poole Road,,,Bournemouth,Dorset,BH2 5QJ,United Kingdom
Hubken Group Ltd,e-Innovation Centre,Priorslee,,Telford,Shropshire,TF2 9FT,United Kingdom
Hydroviron Ltd,"Unit 6, Building 11, Stanmore Industrial Estate",,,Bridgnorth,Shropshire,WV15 5HR,United Kingdom
Ian C King Associates,45 Buxton Drive,,,New Malden,London,KT3 3UX,United Kingdom
Ideal Building Systems Ltd,Lancaster Road,Carnaby Industrial Estate,,Bridlington,,YO15 3QY,United Kingdom
IDP Group.........,27 Spon Street,,,Coventry,,CV1 3BA,United Kingdom
Igloo Regeneration Ltd,Huckletree Ancoats,The Express Building,9 Ancoats Street,Manchester,,M4 5AD,United Kingdom
IJC Transport Consultancy,46 St Andrews Road,Whitehill,Bordon,Hampshire,,GU35 9QN,United Kingdom
ILF Ltd,Unit 1,Upper Keys Business Park,,Cannock,,WS12 2GE,United Kingdom
Industrial Engines Limited,"Unit 3, Estate Road No 6",,,Grimsby,,DN31 2TG,United Kingdom
Initiative Quality & Safety Limited,The Croft,Blakeshall Lane,Blakeshall,Wolverley,,DY11 5XR,United Kingdom
Initiatives In Design Ltd T/A IID Architects,Richmond Place,15 Petersham Road,,Richmond,,TW10 6TP,United Kingdom
Insight Booking Solutions Limited,Insight House,Armoury Bank,Ashton-in-Makerfield,Wigan,,Wigan,United Kingdom
Inspire North,3 Limewood Way,Seacroft,,Leeds,,LS14 1AB,United Kingdom
Install Direct London Limited,"Unit 12, Eastern Avenue Industrial Estate",Luton Road,,Dunstable,,LU5 4JY,United Kingdom
Intego Corporate Ltd T/A Stalsen,26 - 27 Riduna Park,Station Road,Melton,Woodbridge,Suffolk,IP12 1QT,United Kingdom
Integrated Doorset Solutions Limited,Unit 11 Ratcher Way,,,Mansfield,,NG19 0FS,United Kingdom
Integrated Processing Technologies,Spectrum Business Park,The Brewery Centre,8 E Cliff Road,Seaham,,SR7 7PS,United Kingdom
"Interclass Holdings Ltd Inc Interclass PLC,Interclass Construction Services,Interclass Surfacing Ltd",Heath Hill Road,Wombourne,,Wolverhampton,,WV5 8AP,United Kingdom
Interior Motives International Limited,118 The Record Hall,6 Baldwin’s Gardens,,London,,EC1N 7RJ,United Kingdom
Invacua Ltd,Unit 3 Branksome Business Centre,Cortry Close,,Poole,Dorset,BH12 4BQ,United Kingdom
IPS Power Limited,1 Chapel Mews,Riverview Place,Kingsbridge,Devon,,TQ7 1NX,United Kingdom
IPS Ultraprint Ltd TA Printed in Guernsey,Cachette House,,,Garenne Park,,GY6 8NX,Guernsey
iTec Climatic Solutions Ltd,"Unit 16, Lodge Forge Trading Estate",Cradley Road,,Cradley Heath,,B64 7RW,United Kingdom
IVC Signs Limited,Units 1 & 2 Cobbswood Industrial Estate,Brunswick Road,Ashford,Kent,,TN23 1EL,United Kingdom
J C Payne (UK) Ltd,Unit 2/3 Westgate,,,Aldridge,Walsall,WS9 8EX,United Kingdom
J D Doors Limited,Unit 6A,Road Four,Winsford Industrial Estate,Winsford,,CW7 3RS,United Kingdom
J Hall & Sons (Fasteners) Ltd,Longmore Avenue,Bentley Mill Industrial Estate,,Walsall,,WS2 0BW,United Kingdom
James Armstrong Management Engineering Services Limited,9 Linnet Gardens,Cottier Grange,,Prudhoe,,NE42 5BS,United Kingdom
Jarvis and Womack Ltd,Unit 8 Brookfields Way,Manvers,,Rotherham,,S63 5DL,United Kingdom
JGBM Ltd,Barn Close,Langage Business Park,Plympton,Plymouth,,PL7 5HQ,United Kingdom
John Horsfall & Sons Ltd Incorporating Interweave Textiles Ltd,Birkby Grange,85 Birkby Hall Road,,"Huddersfield,","West Yorkshire,",HD2 2XB,United Kingdom
John Kilby & Son Limited TA Kilby Packaging,192 Alcester Road,Hollywood,,Birmingham,,B47 5HH,United Kingdom
Johnson Design Partnership Ltd,Johnson House,Station Lane (Off Hollybush Road),,Bridgnorth,,WV16 5DP,United Kingdom
Jordhan Industries Limited,Central Industrial Estate,Cable Street,,Wolverhampton,,WV2 2RJ,United Kingdom
JPC Construction (Midlands) Ltd,Units 7 - 10,"Advanced Business Park, Burdock Close",Hawks Green,Cannock,Staffordshire,WS11 7FG,United Kingdom
JPC Doorsets Ltd,Units 9 + 10,Advanced Business Park,"Burdock Close, Hawks Green, Cannock",Staffordshire,,WS11 7FG,United Kingdom
JPC Services (Glossop) Ltd,Remlap House,107 Dinting Vale,Glossop,Derbyshire,,SK13 6PB,United Kingdom
JS Marine Ltd,Parkstone Bay Marina,Turks Lane,,Poole,,BH14 8EW,United Kingdom
JSM Specialist Services Ltd,"Mulberry Suite, Kebbell House",Carpenders Park,,Watford,,WD19 5BE,United Kingdom
JSMB International LTD T/a Well We Are,2 Edinburgh Way,Temple Fields,,Harlow,Essex,CM20 2HW,United Kingdom
Julian Bowen Limited,Bentinck House,Park Lane Business Park,,Kirkby-in-Ashfield,Nottinghamshire,NG17 9LE,United Kingdom
K & W Mechanical Services Ltd,Unit 4 Reaymer Close,,,Bloxwich,,WS2 7QZ,United Kingdom
K Power Solutions Ltd T/A Kings Power Solutions,Plough Farm,Puddock Road,,Warboys,Cambridgeshire,PE28 2UB,United Kingdom
K2 Rigging Limited,Home Office,8 Buckley Avenue,,Crewe,,CW2 8GL,United Kingdom
Kaleidoscope Commerce Limited,"Unit H, Suite 13 Peek Business Centre",Woodside,,Bishops Stortford,Herts,CM23 5RG,United Kingdom
Kaleidoscope Project (Powys Adult Substance Mis-Use Service),Severn House,Severn Square,,Newtown,Powys,SY16 2AG,United Kingdom
KCH Contractors Limited,2 Temple Avenue,,,London,,N20 9EH,United Kingdom
Kelleher Group Maintenance Ltd,Units 1 to 6,Rear of 39 to 41 Church Road,,Bexleyheath,Kent,DA7 4DD,United Kingdom
Key Precision Limited,Phoenix Road,,,Cannock,,WS11 7LR,United Kingdom
Killis Ltd,1A Orgreave Road,Dore House Industrial Estate,,Sheffield,,S13 9LQ,United Kingdom
Kington Process Systems Limited,38-44 St Andrews Road,Bordesley,,Birmingham,,B9 4LN,United Kingdom
Kitall Ltd,"1st Floor, 200 Tower Bridge Road",,,London,,SE1 2UN,United Kingdom
KJT Assembly Co Ltd,Unit 15 Abbotts Business Park,Primrose Hill,,Kings Langley,Hertfordshire,WD4 8RF,United Kingdom
KNS Consulting Ltd,Wiltern Farm,Marlow Road,,Marlow,Bucks,SL7 3RR,United Kingdom
Komfort Partitioning Ltd,"Unit 501, Axcess 10",Bentley Road South,,Darlaston,,WS10 8LQ,United Kingdom
Kordus Consulting Limited,"Ransom Hall, Ransom Wood Business Park",Southwell Road,,Mansfield,Nottinghamshire,NG21 0HJ,United Kingdom
Kori Construction Limited,6 Saxon House,Headway Business Park,Saxon Way,West Corby,Northants,NN18 9EZ,United Kingdom
Korn Wall Limited T/A Kwickscreen,30 Engate Street,,,London,,SE13 7HA,United Kingdom
"KP Acoustics Group Ltd, including.....................................FULL NAME BELOW",1 Galena Road,Hammersmith,,London,,W6 0LT,United Kingdom
Kroyair Ltd,262 Moseley Road,,,Birmingham,,B12 0BX,United Kingdom
"LabMedExpert Ltd (LabMedExpert Diagnostic Ltd, LabMedExpert Clinic Ltd, and LabMedExpert Biomedical",PD104 Glashier Drive,University Of Wolverhampton Science Park,,Wolverhampton,,WV10 9RU,United Kingdom
Land Assembly Services Ltd,64 Wellington Road,Edgbaston,,Birmingham,,B15 2ET,United Kingdom
Land Referencing Services LLP,216 e-Innovation Centre,Priorslee,,Telford,Shropshire,TF2 9FT,United Kingdom
Landmark Street Furniture Limited,Trefeglwys Road,Caersws,,Powys,,SY17 5HH,United Kingdom
LandScope Engineering Ltd,The Chart House,Picklescott,,Church Stretton,Shropshire,SY6 6NT,United Kingdom
Larkton Ltd,Fairview Goldford Lane,Bickerton,,Malpas,,SY14 8LL,United Kingdom
Laser Fire & Security Ltd,Unit 25,Cwm Cynon Business Park,,Mountain Ash,RCT,CF45 4ER,United Kingdom
Lathams Ltd,"Unit C2 Breakspear Park,",Breakspear Way,,Hemel Hempstead,"Hertfordshire,",HP2 4TZ,United Kingdom
Lawcris Panel Products Ltd,Knowsthorpe Gate,,,Leeds,West Yorkshire,LS9 0NP,United Kingdom
Lawray Ltd,Southgate House,Wood Street,,Cardiff,,CF10 1EW,United Kingdom
Lawrie (Furnishings) Limited,Unit 4 Maritime Court,8 Cartside Avenue,Inchinnan Business Park,Renfrewshire,,PA4 9RX,United Kingdom
Leading Edge Developments Ltd,Units 3 & 4,Congleton Business Centre,Thomas Street,Congleton,Cheshire,CW12 1QU,United Kingdom
Leay Ltd,"Lake Road, Quarry Wood Industrial Estate",Aylesford,,Maidstone,Kent,ME20 7TQ,United Kingdom
Lectrix Limited,Merlins Patch Leighton,Leighton,,Shrewsbury,,SY5 6RN,United Kingdom
LEE Ventus Limited,Melbourn Science Park,Cambridge Road,Melbourn,Royston,Hertfordshire,SG8 6EE,United Kingdom
Leeds Commercial Ltd T/A LC Vehicle Hire,The Old Test Station,Patrick Green,,Leeds,,LS26 8HE,United Kingdom
Leeps Limited,Lavant House,39 Lavant Street,,Petersfield,,GU32 3EL,United Kingdom
Lewis Cleansing Limited,"Unit 12, Meadow Mills Industrial Estate",Dixon Street,,Kidderminster,Worcestershire,DY10 1HH,United Kingdom
Libra Systems Limited,Halesfield 10,,,Telford,,TF7 4QP,United Kingdom
Lider Construction Ltd,1 College Yard,56 Winchester Avenue,,London,,NW6 7UA,United Kingdom
Lime Green Associates Ltd incorporating Bleazard and Galletta LLP,E-Innovation Centre,University Of Wolverhampton,Priorslee,Telford,,TF2 9FT,United Kingdom
Lime Green Products Ltd,Coates Kilns,Stretton Road,,Much Wenlock,,TF13 6DG,United Kingdom
Lindsey Maintenance Services Ltd TA Lindsey Group,Innovation Centre,Knowledge Gateway,Boundary Road,Colchester,Essex,CO4 3ZQ,United Kingdom
Livelink Aerospace Limited,McCormack House,56A East Street,,Havant,,PO9 1BS,United Kingdom
LJR Engineering Project Services Ltd,Alan Cherry Drive,BIC-210,Arise,Chelmsford,Essex,CM1 1SQ,United Kingdom
LKK Solution Services Ltd,82 Sebastian Avenue,,,Brentwood,Essex,CM15 8PP,United Kingdom
London and Continental Railways Ltd,20 Cranbourn Street,,,London,,WC2H 7AA,United Kingdom
London Art College,Admin Centre,London Art College,P.O. Box 239,Droitwich,,WR9 1DT,United Kingdom
London Fire Solutions Limited,Pentland House,Gillingham Business Park,Gillingham,Kent,,ME8 0QN,United Kingdom
London Rope Access Ltd,"Unit 12, Portland Business Centre",Manor House Lane,,Datchet,,SL3 9EG,United Kingdom
Loughborough University,Loughborough University,Epinal Way,Loughborough,Leicestershire,,LE11 3TU,United Kingdom
Lovat's Group Limited,Unit 1 Muirhead,Mitchelston Industrial Estate,Kirkcaldy,Fife,,KY1 3PB,United Kingdom
Lowe & Fletcher Ltd,Moorcroft Drive,,,Wednesbury,,WS10 7DE,United Kingdom
Lowe and Fletcher (Wednesbury) Limited,Fryers Road,Bloxwich,,Walsall,,WS2 7LZ,United Kingdom
LTraffic Limited,Amhurst Bank,Cade Street,,Heathfield,East Sussex,TN21 9BU,United Kingdom
Lyndon Design Ltd,342 Swindon Road,,,Cheltenham,Gloucester,GL51 9JZ,United Kingdom
Lytle Associates Architects,Fountain Head,Quarry Street,,Guildford,,GU1 3UY,United Kingdom
M & H Civils Limited,8 Southend Road,,,Grays,,RM17 5NH,United Kingdom
M H Joinery Products Ltd,"Unit 11, Parrett Way",Colley Lane Industrial Estate,,Bridgwater,Somerset,TA6 5LB,United Kingdom
Machine Tech Engineering Ltd,Unit 1 Woden Business Park,Woden Road South,,Wednesbury,West Midlands,WS10 0NQ,United Kingdom
Mack Utilities Ltd,87 High Street,Hanham,,Bristol,Gloucestershire,BS15 3QG,United Kingdom
Madeley Façade Engineering Ltd,"e-Innovation Centre, Telford Innovation Campus",University of Wolverhampton,"Priorslee,",Telford,Shropshire,TF2 9FT,United Kingdom
Magiboards Ltd,Unit F,Stafford Park 12,,Telford,Shropshire,TF3 3BJ,United Kingdom
Make One Group,1 Barbon Close,Great Ormond Street,,London,,WC1N 3JX,United Kingdom
Manchester Joinery & Interiors Ltd,Branson Street,Ancoats,,Manchester,,M40 7FJ,United Kingdom
Manders Building Contractors Ltd,"Whitegates, 11 York Road",Earls Colne,,Colchester,Essex,CO6 2RN,United Kingdom
Manufacturing Made Easy Ltd,XMP House,Starnhill Close,Ecclesfield,Sheffield,,"S35 9TG,",United Kingdom
Marbase Construction Ltd,Jubilee House,3 The Drive,,Brentwood,,CM13 3FR,United Kingdom
Marina Projects Limited,Universal Marina,Crableck Lane,Sarisbury Green,Southampton,,SO31 7ZN,United Kingdom
Marine Growth Prevention Specialists Ltd (MGPS),Marine House Block 3,"Unit 2, Lochsore Industrial Estate",Caledonian Place,Glengarnock,,KA14 3DB,United Kingdom
Mark Luck Ltd,Railway Sidings,Wested Lane,Swanley,Kent,,BR8 8EE,United Kingdom
MBM Print SCS Limited,"Tennant Avenue,",College Milton South,"East Kilbride,","Glasgow,",,G74 5NA,United Kingdom
McCrory Limited & McCrory Contracting Ltd,Omagh Business Complex,Great Northern Road,,Omagh,,BT78 5LU,United Kingdom
MCH Electrical Systems Limited,Unit 11 Monmer Close,,,Willenhall,West Midlands,WV13 1JR,United Kingdom
MCUK Fitouts Limited,Milton Street,Widnes,,Cheshire,,WA8 0QL,United Kingdom
Roffey Park Institute,Forest Road,,,Horsham,,RH12 4TB,United Kingdom
