[
  {
    "name": "Brentwood Auto Spares Ltd",
    "addressBuilding": "Yard 2",
    "addressStreet": "Pools Lane",
    "addressStreet2": "",
    "addressCity": "Chelmsford",
    "addressStateProvince": "Essex",
    "addressPostCode": "CM1 3QL",
    "addressCountry": "United Kingdom"
  },
  {
    "name": "SCB Vehicle Dismantlers",
    "addressBuilding": "Newbridge Industrial Estate",
    "addressStreet": "Claylands Road",
    "addressStreet2": "",
    "addressCity": "Newbridge",
    "addressStateProvince": "Midlothian",
    "addressPostCode": "EH28 8LF",
    "addressCountry": "United Kingdom"
  },
  {
    "name": "ABC TIPOGRAFIA SRL",
    "addressBuilding": "VIA DI CAPALLE 11",
    "addressStreet": "",
    "addressStreet2": "",
    "addressCity": "CALENZANO",
    "addressStateProvince": "(FI),",
    "addressPostCode": "50041",
    "addressCountry": "Italy"
  },
  {
    "name": "Cartotecnica Valenti Srl",
    "addressBuilding": "Via Dell' Artigianato 6/8/10",
    "addressStreet": "Castlefranco,",
    "addressStreet2": "",
    "addressCity": "Veneto",
    "addressStateProvince": "",
    "addressPostCode": "31033",
    "addressCountry": "Italy"
  },
  {
    "name": "Pulpex Limited",
    "addressBuilding": "Dales Manor Business Park South",
    "addressStreet": "Unit 1 Cambridge South, West Way",
    "addressStreet2": "",
    "addressCity": "Sawston",
    "addressStateProvince": "Cambridgeshire",
    "addressPostCode": "",
    "addressCountry": "United Kingdom"
  },
  {
    "name": "Reelvision Print Limited",
    "addressBuilding": "Commerce Street",
    "addressStreet": "Carrs Industrial Estate",
    "addressStreet2": "",
    "addressCity": "Haslingden",
    "addressStateProvince": "",
    "addressPostCode": "",
    "addressCountry": "United Kingdom"
  },
  {
    "name": "Regal Wholesale Limited",
    "addressBuilding": "5 Riverview Business Park, Shore Wood Road",
    "addressStreet": "Bromborough",
    "addressStreet2": "",
    "addressCity": "Wirral",
    "addressStateProvince": "Merseyside",
    "addressPostCode": "",
    "addressCountry": "United Kingdom"
  },
  {
    "name": "Rolawn Ltd",
    "addressBuilding": "The Airfield",
    "addressStreet": "Seaton Ross",
    "addressStreet2": "",
    "addressCity": "York",
    "addressStateProvince": "",
    "addressPostCode": "",
    "addressCountry": "United Kingdom"
  },
  {
    "name": "S Lester Packing Materials Limited",
    "addressBuilding": "Unit 15",
    "addressStreet": "Mount Road",
    "addressStreet2": "",
    "addressCity": "Burntwood",
    "addressStateProvince": "Staffordshire",
    "addressPostCode": "",
    "addressCountry": "United Kingdom"
  },
  {
    "name": "Sandland Packaging Limited",
    "addressBuilding": "Unit 5 Phoenix Industrial Estate",
    "addressStreet": "Loxdale Street",
    "addressStreet2": "",
    "addressCity": "Bilston",
    "addressStateProvince": "",
    "addressPostCode": "",
    "addressCountry": "United Kingdom"
  },
  {
    "name": "Scott Timber Ltd t/a Scott Pallets",
    "addressBuilding": "Unit 7, Halbeath Interchange Business Park, Kingseat Road",
    "addressStreet": "Halbeath",
    "addressStreet2": "",
    "addressCity": "Dunfermline",
    "addressStateProvince": "Fife",
    "addressPostCode": "",
    "addressCountry": "United Kingdom"
  },
  {
    "name": "Southerns Broadstock Interiors Limited",
    "addressBuilding": "Lyme Green Business Park",
    "addressStreet": "Brunel Road",
    "addressStreet2": "",
    "addressCity": "Macclesfield",
    "addressStateProvince": "",
    "addressPostCode": "",
    "addressCountry": "United Kingdom"
  },
  {
    "name": "Tables for Business Limited",
    "addressBuilding": "4th Floor, 5 Sycamore Street",
    "addressStreet": "",
    "addressStreet2": "",
    "addressCity": "London",
    "addressStateProvince": "",
    "addressPostCode": "",
    "addressCountry": "United Kingdom"
  },
  {
    "name": "Taylor Made Joinery Interiors Limited",
    "addressBuilding": "Manor Wood",
    "addressStreet": "Ipswich Road",
    "addressStreet2": "",
    "addressCity": "Bildeston",
    "addressStateProvince": "Ipswich",
    "addressPostCode": "",
    "addressCountry": "United Kingdom"
  },
  {
    "name": "Technoprint Cheshire Limited",
    "addressBuilding": "School Road",
    "addressStreet": "Meadowbank",
    "addressStreet2": "",
    "addressCity": "Winsford",
    "addressStateProvince": "Cheshire",
    "addressPostCode": "",
    "addressCountry": "United Kingdom"
  },
  {
    "name": "Treetop Printing and Design LLP T/A Treetop Design and Print",
    "addressBuilding": "Unit 3, 5 & 6, The Bell Centre",
    "addressStreet": "Newton Road",
    "addressStreet2": "",
    "addressCity": "Crawley",
    "addressStateProvince": "West Sussex",
    "addressPostCode": "",
    "addressCountry": "United Kingdom"
  },
  {
    "name": "Trovex Ltd",
    "addressBuilding": "Innova House",
    "addressStreet": "Rash’s Green",
    "addressStreet2": "",
    "addressCity": "Dereham",
    "addressStateProvince": "Norfolk",
    "addressPostCode": "",
    "addressCountry": "United Kingdom"
  },
  {
    "name": "Truline Systems Limited",
    "addressBuilding": "Apollo Park",
    "addressStreet": "Roundsgreen Road",
    "addressStreet2": "",
    "addressCity": "Oldbury",
    "addressStateProvince": "West Midlands",
    "addressPostCode": "",
    "addressCountry": "United Kingdom"
  },
  {
    "name": "UK Industrial Tapes Ltd",
    "addressBuilding": "Brumwell House, Westway Industrial Estate",
    "addressStreet": "Throckley",
    "addressStreet2": "",
    "addressCity": "Newcastle Upon Tyne",
    "addressStateProvince": "",
    "addressPostCode": "",
    "addressCountry": "United Kingdom"
  },
  {
    "name": "Wodehouse Limited",
    "addressBuilding": "159 Ivyhouse Lane",
    "addressStreet": "",
    "addressStreet2": "",
    "addressCity": "Bilston",
    "addressStateProvince": "West Midlands",
    "addressPostCode": "",
    "addressCountry": "United Kingdom"
  },
  {
    "name": "Xander Doors Limited",
    "addressBuilding": "Unit 13, Tofts Farm Industrial Estate East",
    "addressStreet": "Brenda Road",
    "addressStreet2": "",
    "addressCity": "West Hartlepool",
    "addressStateProvince": "",
    "addressPostCode": "",
    "addressCountry": "United Kingdom"
  },
  {
    "name": "25/8 Marketing Group Limited",
    "addressBuilding": "Crown House",
    "addressStreet": "Bridgewater Close",
    "addressStreet2": "",
    "addressCity": "Burnley",
    "addressStateProvince": "",
    "addressPostCode": "",
    "addressCountry": "United Kingdom"
  },
  {
    "name": "Abet Ltd",
    "addressBuilding": "70 Roding Road",
    "addressStreet": "London Industrial Park",
    "addressStreet2": "",
    "addressCity": "London",
    "addressStateProvince": "",
    "addressPostCode": "",
    "addressCountry": "United Kingdom"
  },
  {
    "name": "Actionpoint Group Ltd",
    "addressBuilding": "Chestnut Court, Otterham Quay Lane",
    "addressStreet": "Rainham",
    "addressStreet2": "",
    "addressCity": "Gillingham",
    "addressStateProvince": "Kent",
    "addressPostCode": "",
    "addressCountry": "United Kingdom"
  },
  {
    "name": "AGNE Limited T/A Alphagraphics",
    "addressBuilding": "Unit 8/9, Vanguard Court,",
    "addressStreet": "Preston Farm",
    "addressStreet2": "",
    "addressCity": "Stockton on Tees",
    "addressStateProvince": "",
    "addressPostCode": "",
    "addressCountry": "United Kingdom"
  },
  {
    "name": "Bathgate Flooring Ltd",
    "addressBuilding": "Unit 6 E, F, G Thorn Business Park",
    "addressStreet": "Rotherwas",
    "addressStreet2": "",
    "addressCity": "Hereford",
    "addressStateProvince": "",
    "addressPostCode": "",
    "addressCountry": "United Kingdom"
  },
  {
    "name": "BLP (Northern) Ltd",
    "addressBuilding": "Unit 99/15, North Tyne Industrial Estate",
    "addressStreet": "Whitley Road, Benton",
    "addressStreet2": "",
    "addressCity": "Newcastle",
    "addressStateProvince": "",
    "addressPostCode": "",
    "addressCountry": "United Kingdom"
  },
  {
    "name": "Bridge Media Productions Ltd",
    "addressBuilding": " 1 Lakeview Stables",
    "addressStreet": "St Clere",
    "addressStreet2": "",
    "addressCity": "Kemsing",
    "addressStateProvince": "Sevenoaks",
    "addressPostCode": "",
    "addressCountry": "United Kingdom"
  },
  {
    "name": "Carve Interiors Limited",
    "addressBuilding": "Units 9-11 Ohio Grove, Hot Lane Industrial Estate",
    "addressStreet": "Burslem",
    "addressStreet2": "",
    "addressCity": "Stoke on Trent",
    "addressStateProvince": "Staffordshire",
    "addressPostCode": "",
    "addressCountry": "United Kingdom"
  },
  {
    "name": "Darley Limited",
    "addressBuilding": "Wellington Road",
    "addressStreet": "",
    "addressStreet2": "",
    "addressCity": "Burton Upon Trent",
    "addressStateProvince": "",
    "addressPostCode": "",
    "addressCountry": "United Kingdom"
  },
  {
    "name": "Deanestor Limited",
    "addressBuilding": "Warren Way",
    "addressStreet": "Crown Farm Business Park",
    "addressStreet2": "",
    "addressCity": "Mansfield",
    "addressStateProvince": "",
    "addressPostCode": "",
    "addressCountry": "United Kingdom"
  },
  {
    "name": "Euroken Supplies Ltd",
    "addressBuilding": "Unit 51-53 Sapcote Trading Centre",
    "addressStreet": "374 High Road",
    "addressStreet2": "",
    "addressCity": "Willesden",
    "addressStateProvince": "London",
    "addressPostCode": "",
    "addressCountry": "United Kingdom"
  },
  {
    "name": "Fastbox Ltd",
    "addressBuilding": "Unit 2 & 3, Caradon Works",
    "addressStreet": "Haigh Park Road",
    "addressStreet2": "",
    "addressCity": "Leeds",
    "addressStateProvince": "West Yorkshire",
    "addressPostCode": "",
    "addressCountry": "United Kingdom"
  },
  {
    "name": "Fixmart Limited",
    "addressBuilding": "Unit S, Springhead Enterprise Park",
    "addressStreet": "Springhead Road",
    "addressStreet2": "",
    "addressCity": "Northfleet",
    "addressStateProvince": "",
    "addressPostCode": "",
    "addressCountry": "United Kingdom"
  },
  {
    "name": "Formed Group Ltd",
    "addressBuilding": "Head Office 2 Crofton Road",
    "addressStreet": "Allenby Road Industrial Estate",
    "addressStreet2": "",
    "addressCity": "Lincoln",
    "addressStateProvince": "Lincolnshire",
    "addressPostCode": "",
    "addressCountry": "United Kingdom"
  },
  {
    "name": "Forza Doors Ltd",
    "addressBuilding": "Unit 24A - 24C Star Road",
    "addressStreet": "Partridge Green",
    "addressStreet2": "",
    "addressCity": "Horsham",
    "addressStateProvince": "West Sussex",
    "addressPostCode": "",
    "addressCountry": "United Kingdom"
  },
  {
    "name": "Hazlin of Ludlow Ltd",
    "addressBuilding": "Station Works",
    "addressStreet": "Bromfield",
    "addressStreet2": "",
    "addressCity": "Nr Ludow",
    "addressStateProvince": "Shropshire",
    "addressPostCode": "",
    "addressCountry": "United Kingdom"
  },
  {
    "name": "Heartbeat Manufacturing Co. (Redditch) Ltd",
    "addressBuilding": "67 Arthur Street",
    "addressStreet": "",
    "addressStreet2": "",
    "addressCity": "Redditch",
    "addressStateProvince": "",
    "addressPostCode": "",
    "addressCountry": "United Kingdom"
  },
  {
    "name": "Julian Bowen Limited",
    "addressBuilding": "Bentinck House Park Lane Business Park",
    "addressStreet": "",
    "addressStreet2": "",
    "addressCity": "Kirkby-in-Ashfield",
    "addressStateProvince": "Nottinghamshire",
    "addressPostCode": "",
    "addressCountry": "United Kingdom"
  },
  {
    "name": "Komfort Partitioning Ltd",
    "addressBuilding": "Unit 501, Axcess 10",
    "addressStreet": "Bentley Road South",
    "addressStreet2": "",
    "addressCity": "Wednesbury",
    "addressStateProvince": "West Midlands",
    "addressPostCode": "",
    "addressCountry": "United Kingdom"
  },
  {
    "name": "Landmark Street Furniture Limited",
    "addressBuilding": "Trefeglwys Road",
    "addressStreet": "",
    "addressStreet2": "",
    "addressCity": "Caersws",
    "addressStateProvince": "",
    "addressPostCode": "",
    "addressCountry": "United Kingdom"
  },
  {
    "name": "Lathams Ltd",
    "addressBuilding": "Unit C2 Breakspear Park",
    "addressStreet": "Breakspear Way",
    "addressStreet2": "",
    "addressCity": "Hemel Hempstead",
    "addressStateProvince": "",
    "addressPostCode": "",
    "addressCountry": "United Kingdom"
  },
  {
    "name": "London Fire Solutions Limited",
    "addressBuilding": "Pentland House",
    "addressStreet": "Gillingham Business Park",
    "addressStreet2": "",
    "addressCity": "Gillingham",
    "addressStateProvince": "Kent",
    "addressPostCode": "",
    "addressCountry": "United Kingdom"
  },
  {
    "name": "Lyburn Supplies Limited",
    "addressBuilding": "Unit 5 Rosevale Road",
    "addressStreet": "",
    "addressStreet2": "",
    "addressCity": "Newcastle-under-Lyme",
    "addressStateProvince": "",
    "addressPostCode": "",
    "addressCountry": "United Kingdom"
  },
  {
    "name": "Lyte Ltd",
    "addressBuilding": "3 Indurent Park Broomhall",
    "addressStreet": "Norton Road",
    "addressStreet2": "",
    "addressCity": "Worcester",
    "addressStateProvince": "",
    "addressPostCode": "",
    "addressCountry": "United Kingdom"
  },
  {
    "name": "MBM Print SCS Limited",
    "addressBuilding": "1 Tennant Avenue",
    "addressStreet": "College Milton South, East Kilbride",
    "addressStreet2": "",
    "addressCity": "Glasgow",
    "addressStateProvince": "",
    "addressPostCode": "",
    "addressCountry": "United Kingdom"
  },
  {
    "name": "Metalfloor UK Ltd",
    "addressBuilding": "Units 1A & 1B, Dakota Business Park",
    "addressStreet": "Dakota Way, Burscough Industrial Estate",
    "addressStreet2": "",
    "addressCity": "Burscough",
    "addressStateProvince": "Lancashire",
    "addressPostCode": "",
    "addressCountry": "United Kingdom"
  },
  {
    "name": "Offsite Solutions (RT) Ltd",
    "addressBuilding": "Hoopers Close, Isleport Business Park",
    "addressStreet": "Highbridge",
    "addressStreet2": "",
    "addressCity": "Somerset",
    "addressStateProvince": "",
    "addressPostCode": "",
    "addressCountry": "United Kingdom"
  },
  {
    "name": "Omega PLC",
    "addressBuilding": "Omega Boulevard Capitol Park",
    "addressStreet": "Thorne",
    "addressStreet2": "",
    "addressCity": "Doncaster",
    "addressStateProvince": "",
    "addressPostCode": "",
    "addressCountry": "United Kingdom"
  },
  {
    "name": "Parkside Flexibles (Europe) Limited",
    "addressBuilding": "Tyler Close",
    "addressStreet": "",
    "addressStreet2": "",
    "addressCity": "Normanton",
    "addressStateProvince": "West Yorkshire",
    "addressPostCode": "",
    "addressCountry": "United Kingdom"
  },
  {
    "name": "Premier Paper Group Ltd",
    "addressBuilding": "Midpoint Park, Kingsbury Road",
    "addressStreet": "Minworth",
    "addressStreet2": "",
    "addressCity": "Birmingham",
    "addressStateProvince": "",
    "addressPostCode": "",
    "addressCountry": "United Kingdom"
  },
  {
    "name": "We Care 4 Air Limited",
    "addressBuilding": "Units 4, 5 & 6 Parklands Business Centre",
    "addressStreet": "Stortford Road",
    "addressStreet2": "",
    "addressCity": "Leaden Roding",
    "addressStateProvince": "",
    "addressPostCode": "CM6 1GF",
    "addressCountry": "United Kingdom"
  },
  {
    "name": "Storm Geomatics Ltd",
    "addressBuilding": "Unit 11, Shipston Business Village",
    "addressStreet": "Tilemans Lane",
    "addressStreet2": "",
    "addressCity": "Shipston on Stour",
    "addressStateProvince": "",
    "addressPostCode": "CV36 4FF",
    "addressCountry": "United Kingdom"
  },
  {
    "name": "The Creative Core Group Limited Incorporating Hadley Interiors Limited",
    "addressBuilding": "First Floor East F Mill",
    "addressStreet": "Dean Clough",
    "addressStreet2": "",
    "addressCity": "Halifax",
    "addressStateProvince": "",
    "addressPostCode": "HX3 5AX",
    "addressCountry": "United Kingdom"
  },
  {
    "name": "Moore Stephens Insight Ltd T\\A Moore Insight",
    "addressBuilding": "St James House",
    "addressStreet": "Vicar Lane",
    "addressStreet2": "",
    "addressCity": "Sheffield",
    "addressStateProvince": "",
    "addressPostCode": "S1 2EX",
    "addressCountry": "United Kingdom"
  },
  {
    "name": "Northwood Hygiene Products Limited",
    "addressBuilding": "Northwood House",
    "addressStreet": "Stafford Park 10",
    "addressStreet2": "",
    "addressCity": "Telford",
    "addressStateProvince": "Shropshire",
    "addressPostCode": "TF3 3AB",
    "addressCountry": "United Kingdom"
  },
  {
    "name": "OSB Group",
    "addressBuilding": "OSB House",
    "addressStreet": "Quayside",
    "addressStreet2": "",
    "addressCity": "Chatham Maritime",
    "addressStateProvince": "Kent",
    "addressPostCode": "ME4 4QZ",
    "addressCountry": "United Kingdom"
  },
  {
    "name": "Physiological Measurements Ltd",
    "addressBuilding": "The Old Malthouse",
    "addressStreet": "Willow Street",
    "addressStreet2": "",
    "addressCity": "Oswestry",
    "addressStateProvince": "Shropshire",
    "addressPostCode": "SY11 1AJ",
    "addressCountry": "United Kingdom"
  },
  {
    "name": "Promtek Ltd",
    "addressBuilding": "Fisher Street",
    "addressStreet": "Brindley Ford",
    "addressStreet2": "",
    "addressCity": "Stoke-on-Trent",
    "addressStateProvince": "Staffordshire",
    "addressPostCode": "ST8 7QJ",
    "addressCountry": "United Kingdom"
  }
]